,Unnamed: 0,Date,Total Tested,Total Cases,Total Deaths,Total Recovered,Newly Tested,New Cases,New Deaths,Newly Recovered,Day of Pandemic/Outbreak,Positivity rate,Positivity rate SMA7,Death case ratio,Cases Normalised,Tests Normalised,Daily Tests SMA3,Daily Cases SMA3,Daily Deaths SMA3,Daily Tests SMA7,Daily Cases SMA7,Daily Deaths SMA7,Daily Recoveries SMA7
0,0,2020-03-08,111.0,3.0,0.0,0.0,,,0.0,,Early spread,,,0.0,,,,,,,,,
1,1,2020-03-11,142.0,3.0,0.0,2.0,,,0.0,,1,,,0.0,,,,,,,,,
2,2,2020-03-12,163.0,3.0,0.0,2.0,,,0.0,,2,,,0.0,,,,,0.0,,,,
3,3,2020-03-13,187.0,3.0,0.0,2.0,,,0.0,,3/1,,,0.0,,,,,0.0,,,,
4,4,2020-03-14,211.0,5.0,0.0,3.0,,,0.0,,4/2,,,0.0,,,,,0.0,,,,
5,5,2020-03-15,231.0,5.0,0.0,3.0,,,0.0,,5/3,,,0.0,,,,,0.0,,,,
6,6,2020-03-16,241.0,8.0,0.0,3.0,,,0.0,0.0,6/4,,,0.0,,,,,0.0,,,0.0,
7,7,2020-03-17,277.0,10.0,0.0,3.0,,,0.0,0.0,7/5,,,0.0,,,,,0.0,,,0.0,
8,8,2020-03-18,351.0,14.0,1.0,3.0,10.0,4.0,1.0,1.0,8/6,0.4,,0.07142857142857142,9.197030278922936e-06,3.906100469591398e-06,,,0.3333333333333333,,,0.14285714285714285,
9,9,2020-03-19,397.0,17.0,1.0,3.0,46.0,3.0,0.0,0.0,9/7,0.06521739130434782,,0.058823529411764705,6.897772709192202e-06,1.7968062160120433e-05,,,0.3333333333333333,,,0.14285714285714285,
10,10,2020-03-20,433.0,20.0,1.0,3.0,36.0,3.0,0.0,0.0,10/8,0.08333333333333333,,0.05,6.897772709192202e-06,1.4061961690529035e-05,30.666666666666668,3.3333333333333335,0.3333333333333333,,,0.14285714285714285,
11,11,2020-03-21,433.0,24.0,2.0,3.0,36.0,4.0,1.0,2.0,11/9,0.1111111111111111,,0.08333333333333333,9.197030278922936e-06,1.4061961690529035e-05,39.333333333333336,3.3333333333333335,0.3333333333333333,,,0.2857142857142857,
12,12,2020-03-22,564.0,27.0,2.0,5.0,27.0,3.0,0.0,0.0,12/10,0.1111111111111111,,0.07407407407407407,6.897772709192202e-06,1.0546471267896776e-05,33.0,3.3333333333333335,0.3333333333333333,,,0.2857142857142857,0.42857142857142855
13,13,2020-03-23,620.0,33.0,3.0,5.0,56.0,6.0,1.0,0.0,13/11,0.10714285714285714,,0.09090909090909091,1.3795545418384404e-05,2.1874162629711833e-05,39.666666666666664,4.333333333333333,0.6666666666666666,,,0.42857142857142855,0.42857142857142855
14,14,2020-03-24,712.0,39.0,4.0,5.0,92.0,6.0,1.0,0.0,14/12,0.06521739130434782,0.1347333136153012,0.10256410256410256,1.3795545418384404e-05,3.5936124320240866e-05,58.333333333333336,5.0,0.6666666666666666,43.285714285714285,4.142857142857143,0.5714285714285714,0.42857142857142855
15,15,2020-03-25,794.0,39.0,5.0,5.0,82.0,0.0,1.0,6.0,15/13,0.0,0.07759045647244403,0.1282051282051282,0.0,3.2030023850649466e-05,76.66666666666667,4.0,1.0,53.57142857142857,3.5714285714285716,0.5714285714285714,1.1428571428571428
16,16,2020-03-26,920.0,44.0,5.0,11.0,126.0,5.0,0.0,0.0,16/14,0.03968253968253968,0.07394262052647145,0.11363636363636363,1.149628784865367e-05,4.921686591685162e-05,100.0,3.6666666666666665,0.6666666666666666,65.0,3.857142857142857,0.5714285714285714,1.1428571428571428
17,17,2020-03-27,1026.0,48.0,5.0,11.0,106.0,4.0,0.0,0.0,17/15,0.03773584905660377,0.06742869420122437,0.10416666666666667,9.197030278922936e-06,4.140466497766882e-05,104.66666666666667,3.0,0.3333333333333333,75.0,4.0,0.5714285714285714,1.1428571428571428
18,18,2020-03-28,1076.0,48.0,5.0,15.0,47.0,0.0,0.0,4.0,18/16,0.0,0.051555678328208496,0.10416666666666667,0.0,1.8358672207079573e-05,93.0,3.0,0.0,76.57142857142857,3.4285714285714284,0.42857142857142855,1.4285714285714286
19,19,2020-03-29,1185.0,48.0,5.0,15.0,109.0,0.0,0.0,4.0,19/17,0.0,0.035682662455192624,0.10416666666666667,0.0,4.2576495118546246e-05,87.33333333333333,1.3333333333333333,0.0,88.28571428571429,3.0,0.42857142857142855,2.0
20,20,2020-03-30,1338.0,49.0,5.0,19.0,153.0,1.0,0.0,4.0,20/18,0.006535947712418301,0.021310246822272783,0.10204081632653061,2.299257569730734e-06,5.9763337184748395e-05,103.0,0.3333333333333333,0.0,102.14285714285714,2.2857142857142856,0.2857142857142857,2.5714285714285716
21,21,2020-03-31,1602.0,51.0,5.0,25.0,140.0,2.0,0.0,6.0,21/19,0.014285714285714285,0.014034292962467993,0.09803921568627451,4.598515139461468e-06,5.4685406574279576e-05,134.0,1.0,0.0,109.0,1.7142857142857142,0.14285714285714285,3.4285714285714284
22,22,2020-04-01,1759.0,54.0,6.0,26.0,157.0,1.0,1.0,1.0,22/20,0.006369426751592357,0.014944211069838328,0.1111111111111111,2.299257569730734e-06,6.132577737258495e-05,150.0,1.3333333333333333,0.3333333333333333,119.71428571428571,1.8571428571428572,0.14285714285714285,2.7142857142857144
23,23,2020-04-02,1906.0,56.0,6.0,26.0,141.0,2.0,0.0,0.0,23/21,0.014184397163120567,0.011301619281349885,0.10714285714285714,4.598515139461468e-06,5.507601662123872e-05,146.0,1.6666666666666667,0.3333333333333333,121.85714285714286,1.4285714285714286,0.14285714285714285,2.7142857142857144
24,24,2020-04-03,2113.0,61.0,6.0,26.0,203.0,5.0,0.0,0.0,24/22,0.024630541871921183,0.009429432540680944,0.09836065573770492,1.149628784865367e-05,7.929383953270539e-05,167.0,2.6666666666666665,0.3333333333333333,135.71428571428572,1.5714285714285714,0.14285714285714285,2.7142857142857144
25,25,2020-04-04,2547.0,70.0,8.0,30.0,434.0,9.0,2.0,4.0,25/23,0.020737327188940093,0.012391907853386671,0.11428571428571428,2.0693318127576606e-05,0.0001695247603802667,259.3333333333333,5.333333333333333,0.6666666666666666,191.0,2.857142857142857,0.42857142857142855,2.7142857142857144
26,26,2020-04-05,2914.0,88.0,9.0,33.0,367.0,18.0,1.0,3.0,26/24,0.04904632152588556,0.019398525214227465,0.10227272727272728,4.138663625515321e-05,0.00014335388723400432,334.6666666666667,10.666666666666666,1.0,227.85714285714286,5.428571428571429,0.5714285714285714,2.5714285714285716
27,27,2020-04-06,3610.0,164.0,17.0,33.0,468.0,41.0,5.0,0.0,27/25,0.0876068376068376,0.03098008091343022,0.10365853658536585,9.42695603589601e-05,0.00018280550197687746,423.0,22.666666666666668,2.6666666666666665,272.85714285714283,11.142857142857142,1.2857142857142858,2.0
28,28,2020-04-07,4289.0,164.0,17.0,33.0,792.0,41.0,5.0,0.0,28/26,0.05176767676767677,0.036334646982282004,0.10365853658536585,9.42695603589601e-05,0.0003093631571916388,542.3333333333334,33.333333333333336,3.6666666666666665,366.0,16.714285714285715,2.0,1.1428571428571428
29,29,2020-04-08,5194.0,218.0,20.0,33.0,981.0,54.0,3.0,0.0,29/27,0.05504587155963303,0.0432884248120021,0.09174311926605505,0.00012415990876545963,0.0003831884560669162,747.0,45.333333333333336,4.333333333333333,483.7142857142857,24.285714285714285,2.2857142857142856,1.0
30,30,2020-04-09,6175.0,330.0,21.0,33.0,905.0,112.0,1.0,0.0,30/28,0.12375690607734807,0.05894164037117745,0.06363636363636363,0.0002575168478098422,0.00035350209249802156,892.6666666666666,69.0,3.0,592.8571428571429,40.0,2.4285714285714284,1.0
31,31,2020-04-10,7359.0,424.0,27.0,33.0,1184.0,94.0,6.0,0.0,31/29,0.07939189189189189,0.0667646903740304,0.06367924528301887,0.000216130211554689,0.00046248229559962156,1023.3333333333334,86.66666666666667,3.3333333333333335,733.0,52.714285714285715,3.2857142857142856,1.0
32,32,2020-04-11,8313.0,482.0,30.0,36.0,954.0,58.0,3.0,3.0,32/30,0.06079664570230608,0.07248745016165413,0.06224066390041494,0.00013335693904438257,0.0003726419847990194,1014.3333333333334,88.0,3.3333333333333335,807.2857142857143,59.714285714285715,3.4285714285714284,0.8571428571428571
33,33,2020-04-12,9653.0,621.0,34.0,39.0,1340.0,139.0,4.0,3.0,33/31,0.10373134328358209,0.08029959612703934,0.05475040257648953,0.00031959680219257203,0.0005234174629252474,1159.3333333333333,97.0,4.333333333333333,946.2857142857143,77.0,3.857142857142857,0.8571428571428571
34,34,2020-04-13,11223.0,803.0,39.0,42.0,1570.0,182.0,5.0,3.0,34/32,0.1159235668789809,0.08434484316591695,0.048567870485678705,0.00041846487769099357,0.0006132577737258495,1288.0,126.33333333333333,4.0,1103.7142857142858,97.14285714285714,3.857142857142857,1.2857142857142858
35,35,2020-04-14,13128.0,1012.0,46.0,42.0,1905.0,209.0,7.0,0.0,35/33,0.10971128608923884,0.09262250164042582,0.045454545454545456,0.0004805448320737234,0.0007441121394571614,1605.0,176.66666666666666,5.333333333333333,1262.7142857142858,121.14285714285714,4.142857142857143,1.2857142857142858
36,36,2020-04-15,14868.0,1231.0,50.0,49.0,1740.0,219.0,4.0,7.0,36/34,0.12586206896551724,0.10273910126983785,0.04061738424045491,0.0005035374077710308,0.0006796614817089034,1738.3333333333333,203.33333333333334,5.333333333333333,1371.142857142857,144.71428571428572,4.285714285714286,2.2857142857142856
37,37,2020-04-16,17003.0,1572.0,60.0,49.0,2135.0,341.0,10.0,0.0,37/35,0.15971896955503512,0.10787653890950742,0.03816793893129771,0.0007840468312781802,0.0008339524502577636,1926.6666666666667,256.3333333333333,7.0,1546.857142857143,177.42857142857142,5.571428571428571,2.2857142857142856
38,38,2020-04-17,19193.0,1838.0,75.0,58.0,2190.0,266.0,15.0,9.0,38/36,0.12146118721461187,0.11388643824132456,0.040805223068552776,0.0006116025135483752,0.0008554360028405162,2021.6666666666667,275.3333333333333,9.666666666666666,1690.5714285714287,202.0,6.857142857142857,3.5714285714285716
39,39,2020-04-18,21307.0,2144.0,84.0,66.0,2114.0,306.0,9.0,8.0,39/37,0.14474929044465468,0.12587967320451723,0.03917910447761194,0.0007035728163376046,0.0008257496392716216,2146.3333333333335,304.3333333333333,11.333333333333334,1856.2857142857142,237.42857142857142,7.714285714285714,4.285714285714286
40,40,2020-04-19,23941.0,2456.0,91.0,75.0,2634.0,312.0,7.0,9.0,40/38,0.11845102505694761,0.12798248488642658,0.03705211726384365,0.000717368361755989,0.0010288668636903745,2312.6666666666665,294.6666666666667,10.333333333333334,2041.142857142857,262.14285714285717,8.142857142857142,5.142857142857143
41,41,2020-04-20,26604.0,2948.0,101.0,85.0,2779.0,492.0,10.0,10.0,41/39,0.17704210147535085,0.13671370411447945,0.03426051560379918,0.0011312347243075211,0.0010855053204994495,2509.0,370.0,8.666666666666666,2213.8571428571427,306.42857142857144,8.857142857142858,6.142857142857143
42,42,2020-04-21,29578.0,3382.0,110.0,87.0,2974.0,434.0,9.0,2.0,42/40,0.14593140551445863,0.14188800688951084,0.03252513305736251,0.0009978777852631385,0.001161674279656482,2795.6666666666665,412.6666666666667,8.666666666666666,2366.5714285714284,338.57142857142856,9.142857142857142,6.428571428571429
43,43,2020-04-22,32630.0,3772.0,120.0,92.0,3043.0,390.0,10.0,5.0,43/41,0.12816299704239237,0.142216710900493,0.031813361611876985,0.0008967104521949862,0.0011886263728966625,2932.0,438.6666666666667,9.666666666666666,2552.714285714286,363.0,10.0,6.142857142857143
44,44,2020-04-23,36090.0,4186.0,127.0,108.0,3460.0,414.0,7.0,16.0,44/42,0.11965317919075144,0.13649302656273818,0.030339225991399904,0.0009518926338685238,0.0013515107624786239,3159.0,412.6666666666667,8.666666666666666,2742.0,373.42857142857144,9.571428571428571,8.428571428571429
45,45,2020-04-24,39476.0,4689.0,131.0,112.0,3386.0,503.0,4.0,4.0,45/43,0.14855286473715298,0.14036326620881548,0.027937726594156536,0.0011565265575745592,0.0013226056190036475,3296.3333333333335,435.6666666666667,7.0,2912.8571428571427,407.2857142857143,8.0,7.714285714285714
46,46,2020-04-25,43113.0,4998.0,140.0,113.0,3637.0,309.0,9.0,1.0,46/44,0.08496013197690404,0.13182195785627968,0.028011204481792718,0.0007104705890467967,0.0014206487407903915,3494.3333333333335,408.6666666666667,6.666666666666667,3130.4285714285716,407.7142857142857,8.0,6.714285714285714
47,47,2020-04-26,46589.0,5416.0,145.0,122.0,3476.0,418.0,5.0,9.0,47/45,0.12025316455696203,0.13207940635628174,0.026772525849335302,0.0009610896641474468,0.0013577605232299702,3499.6666666666665,410.0,6.0,3250.714285714286,422.85714285714283,7.714285714285714,6.714285714285714
48,48,2020-04-27,50401.0,5913.0,152.0,131.0,3812.0,497.0,7.0,9.0,48/46,0.13037775445960126,0.12541307106831753,0.025706071368171823,0.0011427310121561748,0.001489005499008241,3641.6666666666665,408.0,7.0,3398.285714285714,423.57142857142856,7.285714285714286,6.571428571428571
49,49,2020-04-28,54733.0,6462.0,155.0,139.0,4332.0,549.0,3.0,8.0,49/47,0.12673130193905818,0.12267019912897462,0.023986381925100587,0.001262292405782173,0.0016921227234269938,3873.3333333333335,488.0,5.0,3592.285714285714,440.0,6.428571428571429,7.428571428571429
50,50,2020-04-29,59701.0,7103.0,163.0,150.0,4968.0,641.0,8.0,11.0,50/48,0.1290257648953301,0.12279345167939429,0.022948050119667746,0.0014738241021974004,0.0019405507132930068,4370.666666666667,562.3333333333334,6.0,3867.285714285714,475.85714285714283,6.142857142857143,8.285714285714286
51,51,2020-04-30,64666.0,7667.0,168.0,160.0,4965.0,564.0,5.0,10.0,51/49,0.113595166163142,0.12192802124687865,0.021912090778661797,0.001296781269328134,0.0019393788831521294,4755.0,584.6666666666666,5.333333333333333,4082.285714285714,497.2857142857143,5.857142857142857,7.428571428571429
52,52,2020-05-01,70239.0,8238.0,170.0,174.0,5573.0,571.0,2.0,14.0,52/50,0.10245828099766732,0.11534308071266641,0.020636076717649915,0.001312876072316249,0.0021768697917032864,5168.666666666667,592.0,5.0,4394.714285714285,507.0,5.571428571428571,8.857142857142858
53,53,2020-05-02,76066.0,8790.0,175.0,177.0,5827.0,552.0,5.0,3.0,53/51,0.09473142268748927,0.11673897938560716,0.019908987485779295,0.001269190178491365,0.002276084743630908,5455.0,562.3333333333334,4.0,4707.571428571428,541.7142857142857,5.0,9.142857142857142
54,54,2020-05-03,81434.0,9455.0,177.0,1063.0,5368.0,665.0,2.0,886.0,54/52,0.12388226527570789,0.117257422345428,0.01872025383395029,0.0015290062838709381,0.0020967947320766627,5589.333333333333,596.0,3.0,4977.857142857143,577.0,4.571428571428571,134.42857142857142
55,55,2020-05-04,87694.0,10143.0,182.0,1209.0,6260.0,688.0,5.0,146.0,55/53,0.10990415335463259,0.11433262218757534,0.017943409247757072,0.001581889207974745,0.0024452188939642155,5818.333333333333,635.0,4.0,5327.571428571428,604.2857142857143,4.285714285714286,154.0
56,56,2020-05-05,93405.0,10929.0,183.0,1403.0,5711.0,786.0,1.0,194.0,56/54,0.13762913675363334,0.11588945573251465,0.01674444139445512,0.001807216449808357,0.0022307739781836475,5779.666666666667,713.0,2.6666666666666665,5524.571428571428,638.1428571428571,4.0,180.57142857142858
57,57,2020-05-06,99646.0,11719.0,186.0,1403.0,6241.0,790.0,3.0,0.0,57/55,0.12658227848101267,0.11554038624475502,0.015871661404556703,0.0018164134800872798,0.0024377973030719918,6070.666666666667,754.6666666666666,3.0,5706.428571428572,659.4285714285714,3.2857142857142856,179.0
58,58,2020-05-07,105513.0,12425.0,199.0,1910.0,5867.0,706.0,13.0,507.0,58/56,0.12033407192773138,0.11650308706826777,0.016016096579476863,0.0016232758442298982,0.0022917091455092733,5939.666666666667,760.6666666666666,5.666666666666667,5835.285714285715,679.7142857142857,4.428571428571429,250.0
59,59,2020-05-08,111454.0,13134.0,206.0,2101.0,5941.0,709.0,7.0,191.0,59/57,0.11934017842114122,0.11891478670019262,0.01568448302116644,0.0016301736169390903,0.0023206142889842496,6016.333333333333,735.0,7.666666666666667,5887.857142857143,699.4285714285714,5.142857142857143,275.2857142857143
60,60,2020-05-09,116919.0,13770.0,214.0,2414.0,5518.0,636.0,8.0,313.0,60/58,0.11525915186661834,0.1218473194400682,0.015541031227305737,0.0014623278143487469,0.0021553862391205337,5775.333333333333,683.6666666666666,9.333333333333334,5843.714285714285,711.4285714285714,5.571428571428571,319.57142857142856
61,61,2020-05-10,122657.0,14657.0,228.0,2650.0,5738.0,887.0,14.0,236.0,61/59,0.15458347856395957,0.12623320705267557,0.015555707170635192,0.002039441464351161,0.0022413204494515443,5732.333333333333,744.0,9.666666666666666,5896.571428571428,743.1428571428571,7.285714285714286,226.71428571428572
62,62,2020-05-11,129865.0,15691.0,239.0,2902.0,7208.0,1034.0,11.0,252.0,62/60,0.1434517203107658,0.13102571661783746,0.015231661461984578,0.002377432327101579,0.00281551721848148,6154.666666666667,852.3333333333334,11.0,6032.0,792.5714285714286,8.142857142857142,241.85714285714286
63,63,2020-05-12,136638.0,16660.0,250.0,3147.0,6773.0,969.0,11.0,245.0,63/61,0.1430680643732467,0.13180270627778223,0.015006002400960384,0.0022279805850690814,0.002645601848054254,6573.0,963.3333333333334,12.0,6183.714285714285,818.7142857142857,9.571428571428571,249.14285714285714
64,64,2020-05-13,144538.0,17822.0,269.0,3361.0,7900.0,1162.0,19.0,214.0,64/62,0.14708860759493672,0.13473218186548566,0.01509370441027943,0.002671737296027113,0.0030858193709772047,7293.666666666667,1055.0,13.666666666666666,6420.714285714285,871.8571428571429,11.857142857142858,279.7142857142857
65,65,2020-05-14,151930.0,18863.0,283.0,3603.0,7392.0,1041.0,14.0,242.0,65/63,0.14082792207792208,0.13765987474408434,0.015002915761013624,0.002393527130089694,0.0028873894671219615,7355.0,1057.3333333333333,14.666666666666666,6638.571428571428,919.7142857142857,12.0,241.85714285714286
66,66,2020-05-15,160512.0,20065.0,298.0,3882.0,8582.0,1202.0,15.0,279.0,66/64,0.14006059193661152,0.14061993381772295,0.014851731871417893,0.0027637075988163422,0.003352215423003338,7958.0,1135.0,16.0,7015.857142857143,990.1428571428571,13.142857142857142,254.42857142857142
67,67,2020-05-16,167114.0,20995.0,314.0,4117.0,6602.0,930.0,16.0,235.0,67/65,0.14086640411996365,0.14427811271105798,0.014955941890926411,0.0021383095398495827,0.0025788075300242413,7525.333333333333,1057.6666666666667,15.0,7170.714285714285,1032.142857142857,14.285714285714286,243.28571428571428
68,68,2020-05-17,175228.0,22268.0,328.0,4373.0,8114.0,1273.0,14.0,256.0,68/66,0.156889327088982,0.14460751964320404,0.014729656906772049,0.0029269548862672244,0.0031694099210264606,7766.0,1135.0,15.0,7510.142857142857,1087.2857142857142,14.285714285714286,246.14285714285714
69,69,2020-05-18,185086.0,23870.0,349.0,4585.0,9858.0,1602.0,21.0,212.0,69/67,0.16250760803408398,0.14732978931796378,0.014620863007959782,0.0036834106267086358,0.0038506338429232004,8191.333333333333,1268.3333333333333,17.0,7888.714285714285,1168.4285714285713,15.714285714285714,240.42857142857142
70,70,2020-05-19,193645.0,25121.0,370.0,4993.0,8559.0,1251.0,21.0,408.0,70/68,0.14616193480546794,0.1477717708082811,0.014728713028939931,0.0028763712197331483,0.003343231391923278,8843.666666666666,1375.3333333333333,18.666666666666668,8143.857142857143,1208.7142857142858,17.142857142857142,263.7142857142857
71,71,2020-05-20,203852.0,26738.0,386.0,5207.0,10207.0,1617.0,16.0,214.0,71/69,0.1584206916821789,0.1493906399636014,0.014436382676340788,0.0037178994902545967,0.0039869567493119405,9541.333333333334,1490.0,19.333333333333332,8473.42857142857,1273.7142857142858,16.714285714285715,263.7142857142857
72,72,2020-05-21,214114.0,28511.0,408.0,5602.0,10262.0,1773.0,22.0,395.0,72/70,0.17277333853050086,0.1539542708853984,0.01431026621304058,0.004076583671132591,0.004008440301894693,9676.0,1547.0,19.666666666666668,8883.42857142857,1378.2857142857142,17.857142857142858,285.57142857142856
73,73,2020-05-22,223841.0,30205.0,432.0,6190.0,9727.0,1694.0,24.0,588.0,73/71,0.17415441554436106,0.15882481711507687,0.01430226783645092,0.0038949423231238634,0.0037994639267715535,10065.333333333334,1694.6666666666667,20.666666666666668,9047.0,1448.5714285714287,19.142857142857142,329.7142857142857
74,74,2020-05-23,234675.0,32078.0,452.0,6486.0,10834.0,1873.0,20.0,296.0,74/72,0.17288166882038028,0.16339842635799354,0.014090654030799924,0.004306509428105665,0.004231869248755321,10274.333333333334,1780.0,22.0,9651.57142857143,1583.2857142857142,19.714285714285715,338.42857142857144
75,75,2020-05-24,243583.0,33610.0,480.0,6901.0,8908.0,1532.0,28.0,415.0,75/73,0.17198024247867086,0.16555427141366338,0.01428146385004463,0.003522462596827484,0.0034795542983120176,9823.0,1699.6666666666667,24.0,9765.0,1620.2857142857142,21.714285714285715,361.14285714285717
76,76,2020-05-25,253034.0,35585.0,501.0,7334.0,9451.0,1975.0,21.0,433.0,76/74,0.20897259549254046,0.17219212676487147,0.014078965856400168,0.004541033700218199,0.003691655553810831,9731.0,1793.3333333333333,23.0,9706.857142857143,1673.5714285714287,21.714285714285715,392.7142857142857
77,77,2020-05-26,258550.0,36751.0,522.0,7579.0,5516.0,1166.0,21.0,245.0,77/75,0.21138506163886875,0.18150971631250018,0.014203695137547278,0.002680934326306036,0.0021546050190266153,7958.333333333333,1557.6666666666667,23.333333333333332,9272.142857142857,1661.4285714285713,21.714285714285715,369.42857142857144
78,78,2020-05-27,266456.0,38292.0,544.0,7925.0,7906.0,1541.0,22.0,346.0,78/76,0.19491525423728814,0.18672322524894436,0.014206622793272746,0.003543155914955061,0.0030881630312589595,7624.333333333333,1560.6666666666667,21.333333333333332,8943.42857142857,1650.5714285714287,22.571428571428573,388.2857142857143
79,79,2020-05-28,275776.0,40321.0,559.0,8425.0,9320.0,2029.0,15.0,500.0,79/77,0.21770386266094421,0.1931418715532934,0.013863743458743583,0.004665193608983659,0.0036404856376591834,7580.666666666667,1578.6666666666667,19.333333333333332,8808.857142857143,1687.142857142857,21.571428571428573,403.2857142857143
80,80,2020-05-29,287067.0,42844.0,582.0,9015.0,11291.0,2523.0,23.0,590.0,80/78,0.22345230714728545,0.2001844274965683,0.01358416581084866,0.005801026848430642,0.004410378040215648,9505.666666666666,2031.0,20.0,9032.285714285714,1805.5714285714287,21.428571428571427,403.57142857142856
81,81,2020-05-30,297054.0,44608.0,610.0,9375.0,9987.0,1764.0,28.0,360.0,81/79,0.17662961850405526,0.20071984887995045,0.01367467718794835,0.0040558903530050145,0.00390102253898093,10199.333333333334,2105.3333333333335,22.0,8911.285714285714,1790.0,22.571428571428573,412.7142857142857
82,82,2020-05-31,308930.0,47153.0,650.0,9781.0,11876.0,2545.0,40.0,406.0,82/80,0.2142977433479286,0.20676520614698726,0.013784912942972875,0.005851610514964718,0.0046388849176867445,11051.333333333334,2277.3333333333335,30.333333333333332,9335.285714285714,1934.7142857142858,24.285714285714285,411.42857142857144
83,83,2020-06-01,320969.0,49534.0,672.0,10597.0,12039.0,2381.0,22.0,816.0,83/81,0.19777390148683446,0.20516539271760068,0.013566439213469537,0.005474532273528877,0.004702554355341085,11300.666666666666,2230.0,30.0,9705.0,1992.7142857142858,24.428571428571427,466.14285714285717
84,84,2020-06-02,333073.0,52445.0,709.0,11120.0,12104.0,2911.0,37.0,523.0,84/82,0.2404990085922009,0.2093245279966481,0.013518924587663267,0.006693138785486167,0.004727944008393429,12006.333333333334,2612.3333333333335,33.0,10646.142857142857,2242.0,26.714285714285715,505.85714285714283
85,85,2020-06-03,345583.0,55140.0,746.0,11590.0,12510.0,2695.0,37.0,470.0,85/83,0.21542765787370105,0.21225487137327856,0.013529198404062387,0.006196499150424328,0.004886531687458839,12217.666666666666,2662.3333333333335,32.0,11303.857142857143,2406.8571428571427,28.857142857142858,523.5714285714286
86,86,2020-06-04,358277.0,57563.0,781.0,12161.0,12694.0,2423.0,35.0,571.0,86/84,0.19087757995903576,0.2084225452730059,0.013567743168354672,0.005571101091457568,0.0049584039360993214,12436.0,2676.3333333333335,36.333333333333336,11785.857142857143,2463.1428571428573,31.714285714285715,533.7142857142857
87,87,2020-06-05,372365.0,60391.0,811.0,12804.0,14088.0,2828.0,30.0,643.0,87/85,0.20073821692220328,0.20517767524085131,0.013429153350664835,0.006502300407198515,0.005502914341560362,13097.333333333334,2648.6666666666665,34.0,12185.42857142857,2506.714285714286,32.714285714285715,541.2857142857143
88,88,2020-06-06,384851.0,63026.0,846.0,13325.0,12486.0,2635.0,35.0,521.0,88/86,0.21103636072401089,0.2100929241294164,0.01342303176466855,0.006058543696240484,0.00487715704633182,13089.333333333334,2628.6666666666665,33.333333333333336,12542.42857142857,2631.1428571428573,33.714285714285715,564.2857142857143
89,89,2020-06-07,397987.0,65769.0,888.0,13903.0,13136.0,2743.0,42.0,578.0,89/87,0.2088154689403167,0.20930974207118616,0.013501801760707931,0.006306863513771403,0.005131053576855261,13236.666666666666,2735.3333333333335,35.666666666666664,12722.42857142857,2659.4285714285716,34.0,588.8571428571429
90,90,2020-06-08,410841.0,68504.0,930.0,14560.0,12854.0,2735.0,42.0,657.0,90/88,0.2127742337015715,0.21145264667329142,0.013575849585425669,0.0062884694532135575,0.005020901543612784,12825.333333333334,2704.3333333333335,39.666666666666664,12838.857142857143,2710.0,36.857142857142854,566.1428571428571
91,91,2020-06-09,425595.0,71675.0,975.0,15337.0,14754.0,3171.0,45.0,777.0,91/89,0.21492476616510778,0.20779918346942097,0.013603069410533658,0.007290945753616157,0.005763060632835149,13581.333333333334,2883.0,43.0,13217.42857142857,2747.1428571428573,38.0,602.4285714285714
92,92,2020-06-10,441560.0,74865.0,1012.0,15900.0,15965.0,3190.0,37.0,563.0,92/90,0.19981208894456623,0.205568387908116,0.013517665130568356,0.007334631647441041,0.006236089399702668,14524.333333333334,3032.0,41.333333333333336,13711.0,2817.8571428571427,38.0,615.7142857142857
93,93,2020-06-11,457332.0,78052.0,1049.0,16747.0,15772.0,3187.0,37.0,847.0,93/91,0.20206695409586609,0.2071668699276632,0.013439758109977964,0.007327733874731849,0.006160701660639554,15497.0,3182.6666666666665,39.666666666666664,14150.714285714286,2927.0,38.285714285714285,655.1428571428571
94,94,2020-06-12,473322.0,81523.0,1095.0,17249.0,15990.0,3471.0,46.0,502.0,94/92,0.21707317073170732,0.20950043475759234,0.013431792254946456,0.007980723024535378,0.006245854650876646,15909.0,3282.6666666666665,40.0,14422.42857142857,3018.8571428571427,40.57142857142857,635.0
95,95,2020-06-13,489960.0,84379.0,1139.0,17827.0,16638.0,2856.0,44.0,578.0,95/93,0.1716552470248828,0.2038745613720026,0.013498619324713496,0.006566679619150976,0.006498969961306169,16133.333333333334,3171.3333333333335,42.333333333333336,15015.57142857143,3050.4285714285716,41.857142857142854,643.1428571428571
96,96,2020-06-14,501465.0,87520.0,1171.0,18730.0,14505.0,3141.0,32.0,903.0,96/94,0.21654601861427095,0.20497892561113892,0.013379798903107861,0.0072219680265242355,0.0056657987311423234,15711.0,3156.0,40.666666666666664,15211.142857142857,3107.285714285714,40.42857142857143,689.5714285714286
97,97,2020-06-15,516503.0,90619.0,1209.0,34027.0,15038.0,3099.0,38.0,15297.0,97/95,0.2060779358957308,0.20402231163887596,0.013341572959313168,0.007125399208595545,0.005873993886171545,15393.666666666666,3032.0,38.0,15523.142857142857,3159.285714285714,39.857142857142854,2781.0
98,98,2020-06-16,533717.0,94481.0,1262.0,36264.0,17214.0,3862.0,53.0,2237.0,98/96,0.22435227140699432,0.20536909810200263,0.013357182925667595,0.008879732734300094,0.006723961348354633,15585.666666666666,3367.3333333333335,41.0,15874.57142857143,3258.0,41.0,2989.5714285714284
99,99,2020-06-17,551244.0,98489.0,1305.0,38189.0,17527.0,4008.0,43.0,1925.0,99/97,0.22867575740286417,0.2094924793103309,0.013250210683426576,0.009215424339480782,0.006846222293052844,16593.0,3656.3333333333335,44.666666666666664,16097.714285714286,3374.8571428571427,41.857142857142854,3184.1428571428573
100,100,2020-06-18,567503.0,102292.0,1343.0,40164.0,16259.0,3803.0,38.0,1975.0,100/98,0.23390122393751153,0.21404023214485166,0.01312908145309506,0.00874407653768598,0.006350928753508654,17000.0,3891.0,44.666666666666664,16167.285714285714,3462.8571428571427,42.0,3345.285714285714
101,101,2020-06-19,582548.0,105535.0,1388.0,42945.0,15045.0,3243.0,45.0,2781.0,101/99,0.21555333998005982,0.21382311346604488,0.013152034869948358,0.00745649229863677,0.005876728156500259,16277.0,3684.6666666666665,42.0,16032.285714285714,3430.285714285714,41.857142857142854,3670.8571428571427
102,102,2020-06-20,596579.0,108775.0,1425.0,43993.0,14031.0,3240.0,37.0,1048.0,102/100,0.23091725465041693,0.2222891145554069,0.013100436681222707,0.007449594525927578,0.005480649568883691,15111.666666666666,3428.6666666666665,40.0,15659.857142857143,3485.1428571428573,40.857142857142854,3738.0
103,103,2020-06-21,612164.0,112306.0,1464.0,45077.0,15585.0,3531.0,39.0,1084.0,103/101,0.22656400384985564,0.22372025530334758,0.013035812868413085,0.008118678478719221,0.006087657581858194,14887.0,3338.0,40.333333333333336,15814.142857142857,3540.8571428571427,41.857142857142854,3763.8571428571427
104,104,2020-06-22,627719.0,115786.0,1502.0,46755.0,15555.0,3480.0,38.0,1678.0,104/102,0.22372227579556414,0.22624087528903808,0.012972207348038623,0.008001416342662954,0.0060759392804494205,15057.0,3417.0,38.0,15888.0,3595.285714285714,41.857142857142854,1818.2857142857142
105,105,2020-06-23,644011.0,119198.0,1545.0,47635.0,16292.0,3412.0,43.0,880.0,105/103,0.20942794009329732,0.22410882795850992,0.012961626872934109,0.007845066827921264,0.006363818885058306,15810.666666666666,3474.3333333333335,40.0,15756.285714285714,3531.0,40.42857142857143,1624.4285714285713
106,106,2020-06-24,660444.0,122660.0,1582.0,49666.0,16433.0,3462.0,37.0,2031.0,106/104,0.21067364449583156,0.22153709754321954,0.012897440078265123,0.0079600297064078,0.006418894901679545,16093.333333333334,3451.3333333333335,39.333333333333336,15600.0,3453.0,39.57142857142857,1639.5714285714287
107,107,2020-06-25,678443.0,126606.0,1621.0,51495.0,17999.0,3946.0,39.0,1829.0,107/105,0.2192344019112173,0.21944183725374894,0.012803500623983066,0.009072870370157476,0.007030590235217558,16908.0,3606.6666666666665,39.666666666666664,15848.57142857143,3473.4285714285716,39.714285714285715,1618.7142857142858
108,108,2020-06-26,696941.0,130474.0,1661.0,53133.0,18498.0,3868.0,40.0,1638.0,108/106,0.20910368688506867,0.21852045824017877,0.01273050569462115,0.008893528279718479,0.007225504648650169,17643.333333333332,3758.6666666666665,38.666666666666664,16341.857142857143,3562.714285714286,39.0,1455.4285714285713
109,109,2020-06-27,712098.0,133978.0,1695.0,54318.0,15157.0,3504.0,34.0,1185.0,109/107,0.2311803127267929,0.21855803796537532,0.012651330815507024,0.008056598524336493,0.0059204764817596825,17218.0,3772.6666666666665,37.666666666666664,16502.714285714286,3600.4285714285716,38.57142857142857,1475.0
110,110,2020-06-28,730197.0,137787.0,1738.0,55727.0,18099.0,3809.0,43.0,1409.0,110/108,0.2104536162218907,0.2162565540185232,0.012613671826805142,0.008757872083104365,0.0070696512399134725,17251.333333333332,3727.0,39.0,16861.85714285714,3640.1428571428573,39.142857142857146,1521.4285714285713
111,111,2020-06-29,748034.0,141801.0,1783.0,57780.0,17837.0,4014.0,45.0,2053.0,111/109,0.22503784268655042,0.21644449214580694,0.012573959280964168,0.009229219884899166,0.006967311407610178,17031.0,3775.6666666666665,40.666666666666664,17187.85714285714,3716.4285714285716,40.142857142857146,1575.0
112,112,2020-06-30,766460.0,145483.0,1847.0,59624.0,18426.0,3682.0,64.0,1844.0,112/110,0.19982633235645283,0.21507283389768633,0.012695641415148161,0.008465866371748563,0.007197380725269111,18120.666666666668,3835.0,50.666666666666664,17492.714285714286,3755.0,43.142857142857146,1712.7142857142858
113,113,2020-07-01,784335.0,149258.0,1888.0,62108.0,17875.0,3775.0,41.0,2484.0,113/111,0.2111888111888112,0.21514642913954057,0.012649238231786571,0.00867969732573352,0.006982154589394625,18046.0,3823.6666666666665,50.0,17698.714285714286,3799.714285714286,43.714285714285715,1777.4285714285713
114,114,2020-07-02,802697.0,153277.0,1926.0,66442.0,18362.0,4019.0,38.0,4334.0,114/112,0.21887593944014813,0.2150952202151021,0.012565486015514396,0.009240716172747819,0.007172381682263726,18221.0,3825.3333333333335,47.666666666666664,17750.571428571428,3810.1428571428573,43.57142857142857,2135.285714285714
115,115,2020-07-03,817347.0,156391.0,1968.0,68048.0,14650.0,3114.0,42.0,1606.0,115/113,0.21255972696245734,0.21558894022615763,0.012583844338868605,0.007159888072141505,0.005722437187951399,16962.333333333332,3636.0,40.333333333333336,17200.85714285714,3702.4285714285716,43.857142857142854,2130.714285714286
116,116,2020-07-04,832074.0,159679.0,1997.0,70721.0,14727.0,3288.0,29.0,2673.0,116/114,0.22326339376655124,0.21445795180326596,0.012506340846322935,0.007559958889274653,0.005752514161567253,15913.0,3473.6666666666665,36.333333333333336,17139.428571428572,3671.5714285714284,43.142857142857146,2343.285714285714
117,117,2020-07-05,846062.0,162417.0,2052.0,72625.0,13988.0,2738.0,55.0,1904.0,117/115,0.19573920503288533,0.2123558930619795,0.012634145440440349,0.00629536722592275,0.005463853336864448,14455.0,3046.6666666666665,42.0,16552.14285714286,3518.5714285714284,44.857142857142854,2414.0
118,118,2020-07-06,860307.0,165618.0,2096.0,76149.0,14245.0,3201.0,44.0,3524.0,118/116,0.2247104247104247,0.2123091190653901,0.01265562921904624,0.007359923480708079,0.0055642401189329475,14320.0,3075.6666666666665,42.666666666666664,16039.0,3402.4285714285716,44.714285714285715,2624.1428571428573
119,119,2020-07-07,873480.0,168645.0,2151.0,78102.0,13173.0,3027.0,55.0,1953.0,119/117,0.22978820314279208,0.21658938632058142,0.01275460286400427,0.006959852663574932,0.005145506148592749,13802.0,2988.6666666666665,51.333333333333336,15288.57142857143,3308.8571428571427,43.42857142857143,2639.714285714286
120,120,2020-07-08,889152.0,172134.0,2197.0,80838.0,15672.0,3489.0,46.0,2736.0,120/118,0.22262633996937212,0.2182233190035187,0.012763312303205642,0.008022109660790531,0.00612164065594364,14363.333333333334,3239.0,48.333333333333336,14973.857142857143,3268.0,44.142857142857146,2675.714285714286
121,121,2020-07-09,904784.0,175494.0,2238.0,84544.0,15632.0,3360.0,41.0,3706.0,121/119,0.21494370522006143,0.21766157125779204,0.012752572737529487,0.007725505434295266,0.006106016254065274,14825.666666666666,3292.0,47.333333333333336,14583.857142857143,3173.8571428571427,44.57142857142857,2586.0
122,122,2020-07-10,918272.0,178443.0,2275.0,86406.0,13488.0,2949.0,37.0,1862.0,122/120,0.2186387900355872,0.21853000883966775,0.012749169202490432,0.0067805105731359346,0.0052685483133848784,14930.666666666666,3266.0,41.333333333333336,14417.857142857143,3150.285714285714,43.857142857142854,2622.5714285714284
123,123,2020-07-11,929465.0,181129.0,2305.0,88034.0,11193.0,2686.0,30.0,1628.0,123/121,0.23997141070311803,0.22091686840203442,0.012725736905741213,0.006175805832296751,0.004372098255613652,13437.666666666666,2998.3333333333335,36.0,13913.0,3064.285714285714,44.0,2473.285714285714
124,124,2020-07-12,940524.0,183795.0,2352.0,93614.0,11059.0,2666.0,47.0,5580.0,124/122,0.24107062121349127,0.22739278499926385,0.012796866073614625,0.006129820680902137,0.004319756509321128,11913.333333333334,2767.0,38.0,13494.57142857143,3054.0,42.857142857142854,2998.4285714285716
125,125,2020-07-13,952947.0,186894.0,2391.0,98317.0,12423.0,3099.0,39.0,4703.0,125/123,0.2494566529823714,0.2309279604666848,0.012793348101062635,0.007125399208595545,0.0048525486133733945,11558.333333333334,2817.0,38.666666666666664,13234.285714285714,3039.4285714285716,42.142857142857146,3166.8571428571427
126,126,2020-07-14,966400.0,190057.0,2424.0,103227.0,13453.0,3163.0,33.0,4910.0,126/124,0.23511484427265295,0.23168890919952206,0.01275406851628722,0.007272551693058312,0.0052548769617413085,12311.666666666666,2976.0,39.666666666666664,13274.285714285714,3058.8571428571427,39.0,3589.285714285714
127,127,2020-07-15,980402.0,193590.0,2457.0,105523.0,14002.0,3533.0,33.0,2296.0,127/125,0.25232109698614485,0.2359310173447753,0.012691771269177128,0.008123276993858683,0.005469321877521876,13292.666666666666,3265.0,35.0,13035.714285714286,3065.1428571428573,37.142857142857146,3526.4285714285716
128,128,2020-07-16,993291.0,196323.0,2496.0,106963.0,12889.0,2733.0,39.0,1440.0,128/126,0.21204127550624563,0.23551638452851595,0.012713742149417033,0.006283870938074096,0.005034572895256354,13448.0,3143.0,35.0,12643.857142857143,2975.5714285714284,36.857142857142854,3202.714285714286
129,129,2020-07-17,1009751.0,199357.0,2547.0,108725.0,13460.0,3034.0,51.0,1762.0,129/127,0.22540861812778604,0.2364835028274015,0.012776075081386657,0.006975947466563047,0.005257611232070023,13450.333333333334,3100.0,41.0,12639.857142857143,2987.714285714286,38.857142857142854,3188.4285714285716
130,130,2020-07-18,1020674.0,202066.0,2581.0,110098.0,10923.0,2709.0,34.0,1373.0,130/128,0.24800878879428728,0.2376316996975685,0.012773054348579177,0.006228688756400558,0.004266633542934685,12424.0,2825.3333333333335,41.333333333333336,12601.285714285714,2991.0,39.42857142857143,3152.0
131,131,2020-07-19,1031299.0,204525.0,2618.0,111642.0,10625.0,2549.0,37.0,1544.0,131/129,0.23990588235294116,0.23746530843177566,0.012800391150226133,0.005860807545243641,0.004150231748940861,11669.333333333334,2764.0,40.666666666666664,12539.285714285714,2974.285714285714,38.0,2575.4285714285716
132,132,2020-07-20,1044661.0,207453.0,2668.0,113556.0,13362.0,2928.0,50.0,1914.0,132/130,0.2191288729232151,0.23313276842332473,0.01286074436137342,0.006732226164171589,0.005219331447468027,11636.666666666666,2728.6666666666665,40.333333333333336,12673.42857142857,2949.8571428571427,39.57142857142857,2177.0
133,133,2020-07-21,1054559.0,210510.0,2709.0,115399.0,12898.0,3057.0,39.0,1843.0,133/131,0.23701349046363776,0.23340400359346544,0.012868747327917913,0.007028830390666854,0.005038088385678986,12295.0,2844.6666666666665,42.0,12594.142857142857,2934.714285714286,40.42857142857143,1738.857142857143
134,134,2020-07-22,1066609.0,213254.0,2751.0,117202.0,12050.0,2744.0,42.0,1803.0,134/132,0.22771784232365144,0.22988925292739495,0.012900109728305213,0.006309162771341134,0.004706851065857635,12770.0,2909.6666666666665,43.666666666666664,12315.285714285714,2822.0,41.714285714285715,1668.4285714285713
135,135,2020-07-23,1079007.0,216110.0,2801.0,119208.0,12398.0,2856.0,50.0,2006.0,135/133,0.2303597354412002,0.2325061757752456,0.012960992087362917,0.006566679619150976,0.004842783362199416,12448.666666666666,2885.6666666666665,43.666666666666664,12245.142857142857,2839.5714285714284,43.285714285714285,1749.2857142857142
136,136,2020-07-24,1091034.0,218658.0,2836.0,120976.0,12027.0,2548.0,35.0,1768.0,136/134,0.21185665585765362,0.23057018116522668,0.012970026251040438,0.00585850828767391,0.004697867034777575,12158.333333333334,2716.0,42.333333333333336,12040.42857142857,2770.1428571428573,41.0,1750.142857142857
137,137,2020-07-25,1101480.0,221178.0,2874.0,122090.0,10446.0,2520.0,38.0,1114.0,137/135,0.24124066628374496,0.2296033065208635,0.012994059083633996,0.005794129075721449,0.004080312550535175,11623.666666666666,2641.3333333333335,41.0,11972.285714285714,2743.1428571428573,41.57142857142857,1713.142857142857
138,138,2020-07-26,1111558.0,223453.0,2928.0,123882.0,10078.0,2275.0,54.0,1792.0,138/136,0.22573923397499504,0.22757949960972831,0.013103426671380558,0.005230810971137419,0.0039365680532542115,10850.333333333334,2447.6666666666665,42.333333333333336,11894.142857142857,2704.0,44.0,1748.5714285714287
139,139,2020-07-27,1124417.0,226225.0,2965.0,125683.0,12859.0,2772.0,37.0,1801.0,139/137,0.2155688622754491,0.22707092666004747,0.013106420598961211,0.006373541983293595,0.005022854593847579,11127.666666666666,2522.3333333333335,43.0,11822.285714285714,2681.714285714286,42.142857142857146,1732.4285714285713
140,140,2020-07-28,1137131.0,229185.0,3000.0,127414.0,12714.0,2960.0,35.0,1731.0,140/138,0.23281422054428189,0.22647103095728233,0.013089861901956934,0.006805802406402973,0.004966216137038504,11883.666666666666,2669.0,42.0,11796.0,2667.8571428571427,41.57142857142857,1716.4285714285713
141,141,2020-07-29,1151258.0,232194.0,3035.0,130292.0,14127.0,3009.0,35.0,2878.0,141/139,0.21299638989169675,0.22436796632414593,0.013070966519376039,0.006918466027319778,0.005518148133391769,13233.333333333334,2913.6666666666665,35.666666666666664,12092.714285714286,2705.714285714286,40.57142857142857,1870.0
142,142,2020-07-30,1164195.0,234889.0,3083.0,132960.0,12937.0,2695.0,48.0,2668.0,142/140,0.2083172296513875,0.22121903692560127,0.013125348568898501,0.006196499150424328,0.0050533221775103925,13259.333333333334,2888.0,39.333333333333336,12169.714285714286,2682.714285714286,40.285714285714285,1964.5714285714287
143,143,2020-07-31,1176809.0,237661.0,3111.0,135136.0,12614.0,2772.0,28.0,2176.0,143/141,0.21975582685904552,0.22234748992580014,0.013090073676370965,0.006373541983293595,0.00492715513234259,13226.0,2825.3333333333335,37.0,12253.57142857143,2714.714285714286,39.285714285714285,2022.857142857143
144,144,2020-08-01,1185611.0,239807.0,3132.0,136253.0,8802.0,2199.0,21.0,1117.0,144/142,0.2498295841854124,0.2235744781974669,0.013060502821018569,0.005056067395837884,0.003438149633334349,11451.0,2555.3333333333335,32.333333333333336,12018.714285714286,2668.8571428571427,36.857142857142854,2023.2857142857142
145,145,2020-08-02,1189295.0,240746.0,3154.0,136839.0,3684.0,886.0,22.0,568.0,145/143,0.24049945711183496,0.22568308150272975,0.013100944563980295,0.00203714220678143,0.0014390074129974713,8366.666666666666,1952.3333333333333,23.666666666666668,11105.285714285714,2470.4285714285716,32.285714285714285,1848.4285714285713
146,146,2020-08-03,1193544.0,242102.0,3184.0,137905.0,4249.0,1356.0,30.0,1066.0,146/144,0.3191339138620852,0.24047808887224922,0.013151481606926006,0.003117793264554875,0.0016597020895293853,5578.333333333333,1480.3333333333333,24.333333333333332,9875.285714285714,2268.1428571428573,31.285714285714285,1743.4285714285713
147,147,2020-08-04,1201256.0,244020.0,3234.0,139860.0,7712.0,1918.0,50.0,1955.0,147/145,0.2487033195020747,0.24274796015193392,0.01325301204819277,0.004409976018743548,0.0030123846821488863,5215.0,1386.6666666666667,34.0,9160.714285714286,2119.285714285714,33.42857142857143,1775.4285714285713
148,148,2020-08-05,1212416.0,246674.0,3267.0,141750.0,11160.0,2654.0,33.0,1890.0,148/146,0.23781362007168458,0.24629327874907503,0.013244200848082895,0.006102229590065368,0.004359208124064001,7707.0,1976.0,37.666666666666664,8736.857142857143,2068.5714285714284,33.142857142857146,1634.2857142857142
149,149,2020-08-06,1225124.0,249651.0,3306.0,143824.0,12708.0,2977.0,39.0,2074.0,149/147,0.23426188227887945,0.24999965769585958,0.013242486511169592,0.006844889785088395,0.004963872476756749,10526.666666666666,2516.3333333333335,40.666666666666664,8704.142857142857,2108.8571428571427,31.857142857142858,1549.4285714285713
150,150,2020-08-07,1237823.0,252502.0,3333.0,145584.0,12699.0,2851.0,27.0,1760.0,150/148,0.22450586660366958,0.25067823480223445,0.013199895446372702,0.006555183331302322,0.004960356986334117,12189.0,2827.3333333333335,33.0,8716.285714285714,2120.1428571428573,31.714285714285715,1490.0
151,151,2020-08-08,1249560.0,255113.0,3365.0,146604.0,11737.0,2611.0,32.0,1020.0,151/149,0.22245889068756922,0.246768135731114,0.013190233347575388,0.006003361514566946,0.004584590121159424,12381.333333333334,2813.0,32.666666666666664,9135.57142857143,2179.0,33.285714285714285,1476.142857142857
152,152,2020-08-09,1260319.0,257600.0,3399.0,148370.0,10759.0,2487.0,34.0,1766.0,152/150,0.23115531183195465,0.24543325783398823,0.013194875776397516,0.005718253575920335,0.004202573495233386,11731.666666666666,2649.6666666666665,31.0,10146.285714285714,2407.714285714286,35.0,1647.2857142857142
153,153,2020-08-10,1273168.0,260507.0,3438.0,150437.0,12849.0,2907.0,39.0,2076.0,153/151,0.22624328741536306,0.23216316834159936,0.01319734210597028,0.006683941755207244,0.005018948493377988,11781.666666666666,2668.3333333333335,35.0,11374.857142857143,2629.285714285714,36.285714285714285,1791.5714285714287
154,154,2020-08-11,1287988.0,263503.0,3471.0,151972.0,14820.0,2996.0,33.0,1535.0,154/152,0.20215924426450743,0.22551401473623262,0.013172525549993739,0.006888575678913279,0.0057888408959344525,12809.333333333334,2796.6666666666665,35.333333333333336,12390.285714285714,2783.285714285714,33.857142857142854,1731.5714285714287
155,155,2020-08-12,1302739.0,266498.0,3513.0,153089.0,14751.0,2995.0,42.0,1117.0,155/153,0.2030370822317131,0.22054593790195098,0.013182087670451561,0.006886276421343548,0.005761888802694272,14140.0,2966.0,38.0,12903.285714285714,2832.0,35.142857142857146,1621.142857142857
156,156,2020-08-13,1315901.0,269115.0,3557.0,154871.0,13162.0,2617.0,44.0,1782.0,156/154,0.1988299650509041,0.2154842354408117,0.01321739776675399,0.0060171570599853305,0.0051412094380761985,14244.333333333334,2869.3333333333335,39.666666666666664,12968.142857142857,2780.5714285714284,35.857142857142854,1579.4285714285713
157,157,2020-08-14,1328754.0,271881.0,3591.0,156623.0,12856.0,2766.0,34.0,1752.0,157/155,0.21515245799626634,0.21414803421118261,0.01320798437551723,0.00635974643787521,0.005021682763706702,13589.666666666666,2792.6666666666665,40.0,12990.57142857143,2768.4285714285716,36.857142857142854,1578.2857142857142
158,158,2020-08-15,1341645.0,274525.0,3625.0,157635.0,12891.0,2644.0,34.0,1012.0,158/156,0.20510433635869987,0.21166881216420128,0.013204626172479738,0.006079237014368061,0.005035354115350272,12969.666666666666,2675.6666666666665,37.333333333333336,13155.42857142857,2773.1428571428573,37.142857142857146,1577.142857142857
159,159,2020-08-16,1351663.0,276549.0,3657.0,158950.0,10018.0,2024.0,32.0,1315.0,159/157,0.2020363345977241,0.20750895827359692,0.01322369634314353,0.004653697321135006,0.003913131450436663,11921.666666666666,2478.0,33.333333333333336,13049.57142857143,2707.0,36.857142857142854,1512.7142857142858
160,160,2020-08-17,1364186.0,279144.0,3694.0,158950.0,12523.0,2595.0,37.0,1641.0,160/158,0.20721871755969018,0.20479116257992938,0.013233313272002981,0.005966573393451254,0.004891609618069308,11810.666666666666,2421.0,34.333333333333336,13003.0,2662.4285714285716,36.57142857142857,1450.5714285714287
161,161,2020-08-18,1378820.0,282344.0,3740.0,162825.0,14634.0,3200.0,46.0,3234.0,161/159,0.21866885335520023,0.20714967816431404,0.01324625279800527,0.007357624223138349,0.005716187427200052,12391.666666666666,2606.3333333333335,38.333333333333336,12976.42857142857,2691.5714285714284,38.42857142857143,1693.2857142857142
162,162,2020-08-19,1393498.0,285091.0,3781.0,165738.0,14678.0,2747.0,41.0,2913.0,162/160,0.1871508379888268,0.20488021470104453,0.01326243199539796,0.006316060544050327,0.0057333742692662545,13945.0,2847.3333333333335,41.333333333333336,12966.0,2656.1428571428573,38.285714285714285,1949.857142857143
163,163,2020-08-20,1407557.0,287959.0,3822.0,168991.0,14059.0,2868.0,41.0,3253.0,163/161,0.20399743936268583,0.20561842531701333,0.013272722852906142,0.006594270709987745,0.0054915866501985475,14457.0,2938.3333333333335,42.666666666666664,13094.142857142857,2692.0,37.857142857142854,2160.0
164,164,2020-08-21,1420500.0,290360.0,3861.0,172615.0,12943.0,2401.0,39.0,3624.0,164/162,0.18550567874526772,0.20138317113829926,0.013297286127565781,0.005520517424923492,0.005055665837792147,13893.333333333334,2672.0,40.333333333333336,13106.57142857143,2639.8571428571427,38.57142857142857,2427.4285714285716
165,165,2020-08-22,1431865.0,292625.0,3907.0,175567.0,11365.0,2265.0,46.0,2952.0,165/163,0.1992960844698636,0.20055342086846553,0.013351559162750961,0.005207818395440112,0.004439283183690624,12789.0,2511.3333333333335,42.0,12888.57142857143,2585.714285714286,40.285714285714285,2704.5714285714284
166,166,2020-08-23,1442666.0,294598.0,3941.0,179091.0,10801.0,1973.0,34.0,3524.0,166/164,0.18266827145634665,0.1977865547054116,0.013377551782428937,0.004536435185078738,0.004218979117205669,11703.0,2213.0,39.666666666666664,13000.42857142857,2578.4285714285716,40.57142857142857,3020.1428571428573
167,167,2020-08-24,1456048.0,297083.0,3941.0,182875.0,13382.0,2485.0,42.0,3784.0,167/165,0.1856972052010163,0.19471205293988672,0.01326565303299078,0.005713655060780874,0.005227143648407209,11849.333333333334,2241.0,40.666666666666664,13123.142857142857,2562.714285714286,41.285714285714285,3326.285714285714
168,168,2020-08-25,1470201.0,299628.0,4028.0,186756.0,14153.0,2545.0,45.0,3881.0,168/166,0.17982053274924045,0.18916229285332103,0.013443336403807387,0.005851610514964718,0.0055283039946127065,12778.666666666666,2334.3333333333335,40.333333333333336,13054.42857142857,2469.1428571428573,41.142857142857146,3418.714285714286
169,169,2020-08-26,1485271.0,302147.0,4082.0,190183.0,15070.0,2519.0,54.0,3427.0,169/167,0.16715328467153284,0.18630549952227904,0.013509980241405673,0.005791829818151719,0.005886493407674238,14201.666666666666,2516.3333333333335,47.0,13110.42857142857,2436.5714285714284,43.0,3492.1428571428573
170,170,2020-08-27,1500395.0,304583.0,4127.0,193458.0,15124.0,2436.0,45.0,3275.0,170/168,0.16106850039672044,0.18017279395571256,0.013549672831379296,0.0056009914398640675,0.005907586350210031,14782.333333333334,2500.0,48.0,13262.57142857143,2374.8571428571427,43.57142857142857,3495.285714285714
171,171,2020-08-28,1514036.0,306794.0,4174.0,196836.0,13741.0,2211.0,47.0,3378.0,171/169,0.1609053198457172,0.17665845697006247,0.013605220441077726,0.005083658486674652,0.00536737265526554,14645.0,2388.6666666666665,48.666666666666664,13376.57142857143,2347.714285714286,44.714285714285715,3460.1428571428573
172,172,2020-08-29,1525825.0,308925.0,4206.0,198863.0,11689.0,2131.0,32.0,2027.0,172/170,0.18230815296432543,0.1742316096121284,0.013614955086185968,0.004899717881096194,0.004565840838905386,13518.0,2259.3333333333335,41.333333333333336,13422.857142857143,2328.5714285714284,42.714285714285715,3328.0
173,173,2020-08-30,1537759.0,310822.0,4248.0,201907.0,11934.0,1897.0,42.0,3044.0,173/171,0.15895760013407073,0.1708443708518033,0.013666986249364589,0.004361691609779202,0.004661540300410375,12454.666666666666,2079.6666666666665,40.333333333333336,13584.714285714286,2317.714285714286,43.857142857142854,3259.4285714285716
174,174,2020-08-31,1550213.0,312996.0,4281.0,204887.0,12454.0,2174.0,33.0,2980.0,174/172,0.17456238959370485,0.16925368290790166,0.013677491086148066,0.004998585956594616,0.004864657524829128,12025.666666666666,2067.3333333333335,35.666666666666664,13452.142857142857,2273.285714285714,42.57142857142857,3144.5714285714284
175,175,2020-09-01,1562422.0,314946.0,4316.0,208117.0,12209.0,1950.0,35.0,3290.0,175/173,0.15971824064214923,0.16638192689260292,0.013703936547852649,0.004483552260974931,0.004768958063324139,12199.0,2007.0,36.666666666666664,13174.42857142857,2188.285714285714,41.142857142857146,3060.1428571428573
176,176,2020-09-02,1577624.0,317528.0,4351.0,211016.0,15204.0,2582.0,35.0,2839.0,176/174,0.16982373059721126,0.16676341916769982,0.013702728578267114,0.005936683045044755,0.005938835153966762,13289.0,2235.3333333333335,34.333333333333336,13193.57142857143,2197.285714285714,38.42857142857143,2976.1428571428573
177,177,2020-09-03,1592046.0,319686.0,4383.0,213980.0,14422.0,2298.0,32.0,2964.0,177/175,0.1593398973790043,0.16651647587945465,0.013710328259604738,0.0052836938952412265,0.0056333780972447145,13945.0,2276.6666666666665,34.0,13093.285714285714,2177.5714285714284,36.57142857142857,2931.714285714286
178,178,2020-09-04,1605119.0,321615.0,4412.0,216191.0,13073.0,1929.0,29.0,2211.0,178/176,0.14755603151533694,0.16460943468940034,0.01371826562815789,0.004435267852010586,0.005106445143896835,14233.0,2269.6666666666665,32.0,12997.857142857143,2137.285714285714,34.0,2765.0
179,179,2020-09-05,1617966.0,323565.0,4447.0,217852.0,12847.0,1950.0,35.0,1661.0,179/177,0.15178640927843076,0.1602491855914154,0.013743760913572234,0.004483552260974931,0.0050181672732840694,13447.333333333334,2059.0,32.0,13163.285714285714,2111.4285714285716,34.42857142857143,2712.714285714286
180,180,2020-09-06,1629320.0,325157.0,4479.0,221275.0,11354.0,1592.0,32.0,3423.0,180/178,0.14021490223709707,0.15757165732041917,0.013774884132895801,0.0036604180510113283,0.004434986473174074,12424.666666666666,1823.6666666666667,32.0,13080.42857142857,2067.8571428571427,33.0,2766.8571428571427
181,181,2020-09-07,1644732.0,327359.0,4516.0,224573.0,15412.0,2202.0,37.0,3298.0,181/179,0.1428756812873086,0.15304498470521974,0.013795252307100155,0.0050629651685470765,0.006020082043734263,13204.333333333334,1914.6666666666667,34.666666666666664,13503.0,2071.8571428571427,33.57142857142857,2812.285714285714
182,182,2020-09-08,1659705.0,329251.0,4552.0,227809.0,14973.0,1892.0,36.0,3236.0,182/180,0.12636078274226942,0.14827963357666546,0.013825318677847599,0.0043501953219305485,0.005848604233119201,13913.0,1895.3333333333333,35.0,13897.857142857143,2063.5714285714284,33.714285714285715,2804.5714285714284
183,183,2020-09-09,1674460.0,331078.0,4593.0,230804.0,14755.0,1827.0,41.0,2999.0,183/181,0.1238224330735344,0.14170801964471164,0.013872863796446758,0.004200743579898051,0.005763451242882109,15046.666666666666,1973.6666666666667,38.0,13833.714285714286,1955.7142857142858,34.57142857142857,2827.4285714285716
184,184,2020-09-10,1690011.0,332970.0,4634.0,233550.0,15559.0,1892.0,41.0,2746.0,184/182,0.12160164534995822,0.13631684078341935,0.013917169714989339,0.0043501953219305485,0.006077501720637257,15095.666666666666,1870.3333333333333,39.333333333333336,13996.142857142857,1897.7142857142858,35.857142857142854,2796.285714285714
185,185,2020-09-11,1704758.0,334762.0,4668.0,236024.0,14747.0,1792.0,34.0,2474.0,185/183,0.12151624059130671,0.132596870651415,0.013944235008752488,0.004120269564957475,0.005760326362506435,15020.333333333334,1837.0,38.666666666666664,14235.285714285714,1878.142857142857,36.57142857142857,2833.8571428571427
186,186,2020-09-12,1715481.0,336044.0,4702.0,238271.0,10723.0,1282.0,34.0,2247.0,185/183,0.11955609437657372,0.12799253995114973,0.013992215305138613,0.0029476482043948008,0.004188511533542856,13676.333333333334,1655.3333333333333,36.333333333333336,13931.857142857143,1782.7142857142858,36.42857142857143,2917.5714285714284
187,187,2020-09-13,1728480.0,337520.0,4733.0,240643.0,12999.0,1476.0,31.0,2372.0,186/184,0.11354719593814909,0.12418286762272857,0.01402287271865371,0.0033937041729225634,0.005077540000421859,12823.0,1516.6666666666667,33.0,14166.857142857143,1766.142857142857,36.285714285714285,2767.4285714285716
188,188,2020-09-14,1742696.0,339332.0,4759.0,243155.0,14216.0,1812.0,26.0,2512.0,187/185,0.12746201463140125,0.12198091524331324,0.014024613063312626,0.00416625471635209,0.005552912427571132,12646.0,1523.3333333333333,30.333333333333332,13996.0,1710.4285714285713,34.714285714285715,2655.1428571428573
189,189,2020-09-15,1756746.0,341056.0,4802.0,245594.0,14050.0,1724.0,43.0,2439.0,188/186,0.12270462633451958,0.12145860718506328,0.014079799211859636,0.003963920050215786,0.0054880711597759145,13755.0,1670.6666666666667,33.333333333333336,13864.142857142857,1686.4285714285713,35.714285714285715,2541.285714285714
190,190,2020-09-16,1770106.0,342671.0,4823.0,247969.0,13360.0,1615.0,21.0,2375.0,189/187,0.12088323353293413,0.12103872153640612,0.014074724735971237,0.0037133009751151354,0.005218550227374108,13875.333333333334,1717.0,30.0,13664.857142857143,1656.142857142857,32.857142857142854,2452.1428571428573
191,191,2020-09-17,1783779.0,344264.0,4859.0,250412.0,13673.0,1593.0,36.0,2243.0,190/188,0.11650698456812697,0.12031091285328735,0.014114168196500361,0.0036627173085810594,0.005340811172072319,13694.333333333334,1644.0,33.333333333333336,13395.42857142857,1613.4285714285713,32.142857142857146,2380.285714285714
192,192,2020-09-18,1796509.0,345805.0,4881.0,252335.0,12730.0,1541.0,22.0,1923.0,191/189,0.12105263157894737,0.12024468299437888,0.014114891340495365,0.003543155914955061,0.00497246589778985,13254.333333333334,1583.0,26.333333333333332,13107.285714285714,1577.5714285714287,30.428571428571427,2301.5714285714284
193,193,2020-09-19,1809679.0,347372.0,4913.0,254386.0,13170.0,1567.0,32.0,2051.0,192/190,0.11898253606681852,0.12016274609298527,0.014143339129233214,0.00360293661176806,0.005144334318451872,13191.0,1567.0,30.0,13456.857142857143,1618.2857142857142,30.142857142857142,2273.5714285714284
194,194,2020-09-20,1821270.0,348916.0,4939.0,256565.0,11591.0,1544.0,26.0,2079.0,193/191,0.13320679837805194,0.1229712607272571,0.01415526946313726,0.0035500536876642533,0.00452756105430339,12497.0,1550.6666666666667,26.666666666666668,13255.714285714286,1628.0,29.428571428571427,2231.714285714286
195,195,2020-09-21,1834237.0,350621.0,4979.0,258717.0,12967.0,1705.0,40.0,2152.0,194/192,0.13148762242615872,0.12354634755507961,0.014200518508589046,0.003920234156390901,0.005065040478919166,12576.0,1605.3333333333333,32.666666666666664,13077.285714285714,1612.7142857142858,31.428571428571427,2180.285714285714
196,196,2020-09-22,1848401.0,352178.0,5007.0,260790.0,14164.0,1557.0,28.0,2073.0,195/193,0.10992657441400734,0.12172091156643498,0.014217242417186764,0.0035799440360707526,0.0055326007051292566,12907.333333333334,1602.0,31.333333333333332,13093.57142857143,1588.857142857143,29.285714285714285,2128.0
197,197,2020-09-23,1862551.0,353844.0,5044.0,262953.0,14150.0,1666.0,37.0,2163.0,196/194,0.11773851590106008,0.12127166619045297,0.014254869377465776,0.0038305631111714027,0.005527132164471829,13760.333333333334,1642.6666666666667,35.0,13206.42857142857,1596.142857142857,31.571428571428573,2097.714285714286
198,198,2020-09-24,1875451.0,355384.0,5072.0,265092.0,12900.0,1540.0,28.0,2139.0,197/195,0.11937984496124031,0.1216820748180406,0.014271886185084303,0.0035408566573853304,0.005038869605772904,13738.0,1587.6666666666667,31.0,13096.0,1588.5714285714287,30.428571428571427,2082.8571428571427
199,199,2020-09-25,1887924.0,356767.0,5093.0,267024.0,12473.0,1383.0,21.0,1932.0,198/196,0.11087949971939388,0.1202287702666758,0.01427542345564472,0.003179873218937605,0.004872079115721351,13174.333333333334,1529.6666666666667,28.666666666666668,13059.285714285714,1566.0,30.285714285714285,2084.1428571428573
200,200,2020-09-26,1898689.0,357873.0,5129.0,268777.0,10765.0,1106.0,36.0,1753.0,199/197,0.10274036228518346,0.11790845972644223,0.014331899863918206,0.0025429788721221917,0.0042049171555151406,12046.0,1343.0,28.333333333333332,12715.714285714286,1500.142857142857,30.857142857142858,2041.5714285714287
201,201,2020-09-27,1909374.0,359148.0,5161.0,270491.0,10685.0,1275.0,32.0,1714.0,200/198,0.11932615816565278,0.11592551112467091,0.014370120396048425,0.0029315534014066856,0.004173668351758409,11307.666666666666,1254.6666666666667,29.666666666666668,12586.285714285714,1461.7142857142858,31.714285714285715,1989.4285714285713
202,202,2020-09-28,1921296.0,360555.0,5193.0,272073.0,11922.0,1407.0,32.0,1582.0,201/199,0.11801711122294917,0.11400115238135526,0.014402795689977951,0.0032350554006111425,0.0046568529798468655,11124.0,1262.6666666666667,33.333333333333336,12437.0,1419.142857142857,30.571428571428573,1908.0
203,203,2020-09-29,1934165.0,362043.0,5219.0,273698.0,12869.0,1488.0,26.0,1625.0,202/200,0.11562669982127594,0.11481545601096507,0.014415414743552561,0.003421295263759332,0.0050267606943171705,11825.333333333334,1390.0,30.0,12252.0,1409.2857142857142,30.285714285714285,1844.0
204,204,2020-09-30,1947569.0,363479.0,5251.0,275487.0,13404.0,1436.0,32.0,1789.0,203/201,0.10713219934347956,0.11330026793131069,0.014446501723620896,0.003301733870133334,0.00523573706944031,12731.666666666666,1443.6666666666667,30.0,12145.42857142857,1376.4285714285713,29.571428571428573,1790.5714285714287
205,205,2020-10-01,1958989.0,364987.0,5272.0,277078.0,11420.0,1508.0,21.0,1591.0,204/202,0.1320490367775832,0.11511015247650254,0.014444350072742317,0.003467280415153947,0.004460766736273377,12564.333333333334,1477.3333333333333,26.333333333333332,11934.0,1371.857142857143,28.571428571428573,1712.2857142857142
206,206,2020-10-02,1970165.0,366383.0,5305.0,278627.0,11176.0,1396.0,33.0,1549.0,205/203,0.12491052254831782,0.11711458430920595,0.01447938359585461,0.0032097635673441044,0.0043654578848153465,12000.0,1446.6666666666667,28.666666666666668,11748.714285714286,1373.7142857142858,30.285714285714285,1657.5714285714287
207,207,2020-10-03,1979719.0,367565.0,5325.0,280069.0,9554.0,1182.0,20.0,1472.0,206/204,0.1237178145279464,0.12011136320102922,0.014487233550528477,0.0027177224474217274,0.003731888388647622,10716.666666666666,1362.0,24.666666666666668,11575.714285714286,1384.5714285714287,28.0,1617.4285714285713
208,208,2020-10-04,1989066.0,368690.0,5348.0,281656.0,9859.0,1125.0,23.0,1587.0,207/205,0.11410893599756568,0.11936604574844534,0.014505411049933548,0.0025866647659470755,0.00385102445297016,10196.333333333334,1234.3333333333333,25.333333333333332,11457.714285714286,1363.142857142857,26.714285714285715,1599.2857142857142
209,209,2020-10-05,2001431.0,370132.0,5375.0,283182.0,11767.0,1442.0,27.0,1526.0,208/206,0.12254610350981558,0.1200130446465691,0.014521846260253098,0.0033155294155517183,0.004596308422568199,10393.333333333334,1249.6666666666667,23.333333333333332,11435.57142857143,1368.142857142857,26.0,1591.2857142857142
210,210,2020-10-06,2013776.0,371631.0,5405.0,284833.0,12345.0,1499.0,30.0,1651.0,209/207,0.12142567841231268,0.12084147015957435,0.014543996598776743,0.00344658709702637,0.004822081029710581,11323.666666666666,1355.3333333333333,26.666666666666668,11360.714285714286,1369.7142857142858,26.571428571428573,1595.0
211,211,2020-10-07,2026808.0,373151.0,5440.0,286631.0,13088.0,1520.0,35.0,1798.0,210/208,0.11613691931540342,0.12212785872699203,0.014578548630447191,0.0034948715059907156,0.0051123042946012226,12400.0,1487.0,30.666666666666668,11315.57142857143,1381.7142857142858,27.0,1596.2857142857142
212,212,2020-10-08,2039413.0,374592.0,5460.0,288316.0,12605.0,1441.0,20.0,1685.0,211/209,0.11431971439904799,0.11959509838720128,0.014575858534085084,0.0033132301579819876,0.004923639641919958,12679.333333333334,1486.6666666666667,28.333333333333332,11484.857142857143,1372.142857142857,26.857142857142858,1609.7142857142858
213,213,2020-10-09,2050669.0,375870.0,5477.0,289912.0,11256.0,1278.0,17.0,1596.0,212/210,0.11353944562899787,0.11797065882729843,0.014571527389789023,0.002938451174115878,0.004396706688572078,12316.333333333334,1413.0,24.0,11496.285714285714,1355.2857142857142,24.571428571428573,1616.4285714285713
214,214,2020-10-10,2061528.0,377073.0,5500.0,291365.0,10859.0,1203.0,23.0,1453.0,213/211,0.11078368173864997,0.11612292557168466,0.014586035064828296,0.002766006856386073,0.0042416344999292995,11573.333333333334,1307.3333333333333,20.0,11682.714285714286,1358.2857142857142,25.0,1613.7142857142858
215,215,2020-10-11,2070995.0,378266.0,5524.0,292860.0,9467.0,1193.0,24.0,1495.0,214/212,0.12601668955318474,0.11782403322248737,0.014603480090729804,0.0027430142806887654,0.003697905314562177,10527.333333333334,1224.6666666666667,21.333333333333332,11626.714285714286,1368.0,25.142857142857142,1600.5714285714287
216,216,2020-10-12,2084222.0,379738.0,5555.0,294391.0,13227.0,1472.0,31.0,1531.0,215/213,0.11128751795569668,0.11621566385761326,0.014628507023263407,0.0033845071426436405,0.005166599091128543,11184.333333333334,1289.3333333333333,26.0,11835.285714285714,1372.2857142857142,25.714285714285715,1601.2857142857142
217,217,2020-10-13,2094037.0,381275.0,5577.0,295873.0,13815.0,1537.0,22.0,1482.0,216/214,0.11125588128845458,0.1147628356970621,0.014627237558192905,0.003533958884676138,0.005396277798740517,12169.666666666666,1400.6666666666667,25.666666666666668,12045.285714285714,1377.7142857142858,24.571428571428573,1577.142857142857
218,218,2020-10-14,2112448.0,382959.0,5593.0,297449.0,14411.0,1684.0,16.0,1576.0,217/215,0.11685518007077926,0.11486544437640149,0.01460469658631864,0.003871949747426556,0.0056290813867281644,13817.666666666666,1564.3333333333333,23.0,12234.285714285714,1401.142857142857,21.857142857142858,1545.4285714285713
219,219,2020-10-15,2126552.0,384559.0,5608.0,299229.0,14104.0,1600.0,15.0,1780.0,218/216,0.11344299489506524,0.11474019873297539,0.014582937858690083,0.0036788121115691745,0.005509164102311708,14110.0,1607.0,17.666666666666668,12448.42857142857,1423.857142857143,21.142857142857142,1559.0
220,220,2020-10-16,2140109.0,386086.0,5623.0,300738.0,13577.0,1527.0,15.0,1509.0,219/217,0.11246961773587685,0.11458736617681524,0.014564112658837669,0.0035109663089788307,0.005303312607564242,14030.666666666666,1603.6666666666667,15.333333333333334,12780.0,1459.4285714285713,20.857142857142858,1546.5714285714287
221,221,2020-10-17,2151702.0,387295.0,5646.0,302298.0,11573.0,1209.0,23.0,1560.0,220/218,0.10446729456493563,0.11368502515199892,0.014578034831330123,0.0027798024018044574,0.004520530073458125,13084.666666666666,1445.3333333333333,17.666666666666668,12882.0,1460.2857142857142,20.857142857142858,1561.857142857143
222,222,2020-10-18,2163568.0,388569.0,5660.0,303972.0,11866.0,1274.0,14.0,1674.0,221/219,0.1073655823360863,0.111020581263842,0.01456626750976017,0.002929254143836955,0.004634978817217153,12338.666666666666,1336.6666666666667,17.333333333333332,13224.714285714286,1471.857142857143,19.428571428571427,1587.4285714285713
223,223,2020-10-19,2178714.0,390206.0,5681.0,305599.0,15146.0,1637.0,21.0,1627.0,222/220,0.10808134160834544,0.11056255607136325,0.014558976540596505,0.0037638846416492115,0.0059161797712431324,12861.666666666666,1373.3333333333333,19.333333333333332,13498.857142857143,1495.4285714285713,18.0,1601.142857142857
224,224,2020-10-20,2192325.0,391586.0,5699.0,307141.0,13611.0,1380.0,18.0,1542.0,223/221,0.10138858276394093,0.10915294199643275,0.014553635727528564,0.003172975446228413,0.005316593349160853,13541.0,1430.3333333333333,17.666666666666668,13469.714285714286,1473.0,17.428571428571427,1609.7142857142858
225,225,2020-10-21,2206411.0,393131.0,5723.0,308845.0,14086.0,1545.0,24.0,1704.0,224/222,0.10968337356240239,0.10812839820952178,0.014557488470764199,0.003552352945233984,0.005502133121466444,14281.0,1520.6666666666667,21.0,13423.285714285714,1453.142857142857,18.571428571428573,1628.0
226,226,2020-10-22,2221369.0,394827.0,5747.0,310532.0,14958.0,1696.0,24.0,1687.0,225/223,0.11338414226500869,0.10811999069094226,0.014555742135162995,0.0038995408382633246,0.005842745082414814,14218.333333333334,1540.3333333333333,22.0,13545.285714285714,1466.857142857143,19.857142857142858,1614.7142857142858
227,227,2020-10-23,2235488.0,396413.0,5761.0,312065.0,14119.0,1586.0,14.0,1533.0,226/224,0.1123309016219279,0.10810017410323527,0.014532823091069163,0.0036466225055929442,0.005515023253016096,14387.666666666666,1609.0,20.666666666666668,13622.714285714286,1475.2857142857142,19.714285714285715,1618.142857142857
228,228,2020-10-24,2246486.0,397507.0,5780.0,313563.0,10998.0,1094.0,19.0,1498.0,227/225,0.099472631387525,0.10738665079217662,0.014540624441833728,0.002515387781285423,0.00429592929645662,13358.333333333334,1458.6666666666667,19.0,13540.57142857143,1458.857142857143,19.142857142857142,1609.2857142857142
229,229,2020-10-25,2258243.0,398815.0,5803.0,315107.0,11757.0,1308.0,23.0,1544.0,228/226,0.11125287063026282,0.1079419776913447,0.014550606170780939,0.0030074289012078,0.004592402322098607,12291.333333333334,1329.3333333333333,18.666666666666668,13525.0,1463.7142857142858,20.428571428571427,1590.7142857142858
230,230,2020-10-26,2271347.0,400251.0,5818.0,316600.0,13758.0,1436.0,15.0,1493.0,229/227,0.10437563599360372,0.10741259117495303,0.014535878736093102,0.003301733870133334,0.005374013026063846,12171.0,1279.3333333333333,19.0,13326.714285714286,1435.0,19.571428571428573,1571.5714285714287
231,231,2020-10-27,2283964.0,401586.0,5838.0,318123.0,12617.0,1335.0,20.0,1523.0,230/228,0.1058096219386542,0.10804416819991206,0.014537359370097563,0.0030695088555905297,0.004928326962483467,12710.666666666666,1359.6666666666667,19.333333333333332,13184.714285714286,1428.5714285714287,19.857142857142858,1568.857142857143
232,232,2020-10-28,2296321.0,403079.0,5861.0,319733.0,12357.0,1493.0,23.0,1610.0,231/229,0.120822206037064,0.10963542998200658,0.01454057393215722,0.003432791551607986,0.004826768350274091,12910.666666666666,1421.3333333333333,19.333333333333332,12937.714285714286,1421.142857142857,19.714285714285715,1555.4285714285713
233,233,2020-10-29,2310589.0,404760.0,5886.0,321281.0,14268.0,1681.0,25.0,1548.0,232/230,0.11781609195402298,0.11026856565186575,0.014541950785650756,0.0038650519747173637,0.005573224150013007,13080.666666666666,1503.0,22.666666666666668,12839.142857142857,1419.0,19.857142857142858,1535.5714285714287
234,234,2020-10-30,2324730.0,406364.0,5905.0,322703.0,14141.0,1604.0,19.0,1422.0,233/231,0.11342903613605827,0.11042544201102723,0.014531306907107914,0.0036880091418480974,0.005523616674049197,13588.666666666666,1592.6666666666667,22.333333333333332,12842.285714285714,1421.5714285714287,20.571428571428573,1519.7142857142858
235,235,2020-10-31,2336262.0,407684.0,5923.0,324145.0,11532.0,1320.0,18.0,1442.0,234/232,0.11446409989594172,0.11256708036937248,0.014528409258150922,0.003035019992044569,0.0045045150615328,13313.666666666666,1535.0,20.666666666666668,12918.57142857143,1453.857142857143,20.428571428571427,1511.7142857142858
236,236,2020-11-01,2348811.0,409252.0,5941.0,325940.0,12549.0,1568.0,18.0,1795.0,235/233,0.12495019523468005,0.11452384102714638,0.014516728079520686,0.003605235869337791,0.004901765479290246,12740.666666666666,1497.3333333333333,18.333333333333332,13031.714285714286,1491.0,19.714285714285715,1547.5714285714287
237,237,2020-11-02,2361702.0,410988.0,5966.0,327901.0,12891.0,1736.0,25.0,1961.0,236/234,0.13466759754867738,0.11885126410644263,0.014516238916951347,0.003991511141052554,0.005035354115350272,12324.0,1541.3333333333333,20.333333333333332,12907.857142857143,1533.857142857143,21.142857142857142,1614.4285714285713
238,238,2020-11-03,2375760.0,412647.0,5983.0,329787.0,14061.0,1886.0,17.0,1886.0,237/235,0.1341298627409146,0.12289701279247985,0.014499075480980112,0.004336399776512164,0.005492367870292465,13167.0,1730.0,20.0,13114.142857142857,1612.5714285714287,20.714285714285715,1666.2857142857142
239,239,2020-11-04,2389677.0,414164.0,6004.0,331697.0,13914.0,1517.0,21.0,1910.0,238/236,0.10902687940204112,0.12121196613033372,0.014496672815599618,0.0034879737332815233,0.005434948193389472,13622.0,1713.0,21.0,13336.57142857143,1616.0,20.428571428571427,1709.142857142857
240,240,2020-11-05,2404902.0,416006.0,6021.0,333588.0,15225.0,1842.0,17.0,1891.0,239/237,0.12098522167487685,0.12166469894759856,0.014473348942082567,0.004235232443444012,0.0059470379649529045,14400.0,1748.3333333333333,18.333333333333332,13473.285714285714,1639.0,19.285714285714285,1758.142857142857
241,241,2020-11-06,2417475.0,417475.0,6036.0,335027.0,13521.0,1469.0,15.0,1439.0,240/238,0.10864581022113749,0.12098138095975274,0.01445835079944907,0.0033776093699344483,0.00528143844493453,14220.0,1609.3333333333333,17.666666666666668,13384.714285714286,1619.7142857142858,18.714285714285715,1760.5714285714287
242,242,2020-11-07,2429842.0,418764.0,6049.0,336568.0,11419.0,1289.0,13.0,1541.0,241/239,0.11288203870741746,0.12075537221853497,0.014444890200685827,0.002963743007382916,0.004460376126226418,13388.333333333334,1533.3333333333333,15.0,13368.57142857143,1615.2857142857142,18.0,1774.7142857142858
243,243,2020-11-08,2442602.0,420238.0,6067.0,338145.0,12760.0,1474.0,18.0,1577.0,242/240,0.11551724137931034,0.11940780738205357,0.014437057096216906,0.0033891056577831018,0.004984184199198625,12566.666666666666,1410.6666666666667,15.333333333333334,13398.714285714286,1601.857142857143,18.0,1743.5714285714287
244,244,2020-11-09,2456644.0,421921.0,6092.0,339768.0,14042.0,1683.0,25.0,1623.0,243/241,0.1198547215496368,0.11729168223933349,0.014438721940837266,0.0038696504898568253,0.005484946279400242,12740.333333333334,1482.0,18.666666666666668,13563.142857142857,1594.2857142857142,18.0,1695.2857142857142
245,245,2020-11-10,2470164.0,423620.0,6108.0,341416.0,13520.0,1699.0,16.0,1648.0,244/242,0.1256656804733728,0.11608251334397036,0.014418582692035315,0.003906438610972517,0.005281047834887571,13440.666666666666,1618.6666666666667,19.666666666666668,13485.857142857143,1567.5714285714287,17.857142857142858,1661.2857142857142
246,246,2020-11-11,2484688.0,425353.0,6127.0,343131.0,14524.0,1733.0,19.0,1715.0,245/243,0.11931974662627376,0.11755292294743216,0.014404506374705245,0.003984613368343362,0.005673220322034547,14028.666666666666,1705.0,20.0,13573.0,1598.4285714285713,17.571428571428573,1633.4285714285713
247,247,2020-11-12,2501800.0,427198.0,6140.0,344868.0,17112.0,1845.0,13.0,1737.0,246/244,0.10781907433380084,0.11567204475584988,0.014372726464075206,0.004242130216153204,0.006684119123564801,15052.0,1759.0,16.0,13842.57142857143,1598.857142857143,17.0,1611.4285714285713
248,248,2020-11-13,2515339.0,428965.0,6159.0,346387.0,13539.0,1767.0,19.0,1519.0,247/245,0.1305118546421449,0.11879576538742236,0.014357814740130313,0.004062788125714207,0.005288469425779795,15058.333333333334,1781.6666666666667,17.0,13845.142857142857,1641.4285714285713,17.571428571428573,1622.857142857143
249,249,2020-11-14,2527134.0,430496.0,6173.0,347489.0,11795.0,1531.0,14.0,1462.0,248/246,0.1298007630351844,0.12121272600567479,0.014339273767932804,0.0035201633392577536,0.0046072455038830545,14148.666666666666,1714.3333333333333,15.333333333333334,13898.857142857143,1676.0,17.714285714285715,1611.5714285714287
250,250,2020-11-15,2541194.0,432333.0,6194.0,349542.0,14060.0,1837.0,21.0,1693.0,249/247,0.1306543385490754,0.12337516845849837,0.014326919296005625,0.004223736155595358,0.005491977260245506,13131.333333333334,1711.6666666666667,18.0,14084.57142857143,1727.857142857143,18.142857142857142,1628.142857142857
251,251,2020-11-16,2556962.0,434472.0,6215.0,351146.0,15768.0,2139.0,21.0,1604.0,250/248,0.1356544901065449,0.12563227825234238,0.01430471929146182,0.00491811194165404,0.006159139220451717,13874.333333333334,1835.6666666666667,18.666666666666668,14331.142857142857,1793.0,17.571428571428573,1625.4285714285713
