,Unnamed: 0,Date,Total Tested,Total Cases,Total Deaths,Total Recovered,Newly Tested,New Cases,New Deaths,Newly Recovered,Notes,Day of Pandemic/Outbreak,Positivity rate,Death case ratio,Cases Normalised,Tests Normalised,Daily Tests SMA3,Daily Cases SMA3,Daily Deaths SMA3,Daily Tests SMA7,Daily Cases SMA7,Daily Deaths SMA7,Daily Recoveries SMA7
0,0,2020-03-08,111.0,3.0,0.0,0.0,0.0,0.0,0.0,0.0,0,Early spread,0.0,0.0,0.0,0.0,,,,,,,
1,1,2020-03-11,142.0,3.0,0.0,2.0,0.0,0.0,0.0,0.0,0,1,0.0,0.0,0.0,0.0,,,,,,,
2,2,2020-03-12,163.0,3.0,0.0,2.0,0.0,0.0,0.0,0.0,0,2,0.0,0.0,0.0,0.0,0.0,0.0,0.0,,,,
3,3,2020-03-13,187.0,3.0,0.0,2.0,0.0,0.0,0.0,0.0,0,3/1,0.0,0.0,0.0,0.0,0.0,0.0,0.0,,,,
4,4,2020-03-14,211.0,5.0,0.0,3.0,0.0,0.0,0.0,0.0,0,4/2,0.0,0.0,0.0,0.0,0.0,0.0,0.0,,,,
5,5,2020-03-15,231.0,5.0,0.0,3.0,0.0,0.0,0.0,0.0,0,5/3,0.0,0.0,0.0,0.0,0.0,0.0,0.0,,,,
6,6,2020-03-16,241.0,8.0,0.0,3.0,0.0,0.0,0.0,0.0,0,6/4,0.0,0.0,0.0,0.0,0.0,0.0,0.0,0.0,0.0,0.0,0.0
7,7,2020-03-17,277.0,10.0,0.0,3.0,0.0,0.0,0.0,0.0,0,7/5,0.0,0.0,0.0,0.0,0.0,0.0,0.0,0.0,0.0,0.0,0.0
8,8,2020-03-18,351.0,14.0,1.0,3.0,10.0,4.0,1.0,1.0,Three males were returnees from Italy and Kuwait while the female was a family member of a foreign returnee,8/6,0.4,0.07142857142857142,1.3346145633141149e-05,6.790235369928628e-06,3.3333333333333335,1.3333333333333333,0.3333333333333333,1.4285714285714286,0.5714285714285714,0.14285714285714285,0.14285714285714285
9,9,2020-03-19,397.0,17.0,1.0,3.0,46.0,3.0,0.0,0.0,Two male cases are returnees from Italy and the female is a family member,9/7,0.06521739130434782,0.058823529411764705,1.0009609224855861e-05,3.123508270167169e-05,18.666666666666668,2.3333333333333335,0.3333333333333333,8.0,1.0,0.14285714285714285,0.14285714285714285
10,10,2020-03-20,433.0,20.0,1.0,3.0,36.0,3.0,0.0,0.0,0,10/8,0.08333333333333333,0.05,1.0009609224855861e-05,2.444484733174306e-05,30.666666666666668,3.3333333333333335,0.3333333333333333,13.142857142857142,1.4285714285714286,0.14285714285714285,0.14285714285714285
11,11,2020-03-21,433.0,24.0,2.0,3.0,36.0,4.0,1.0,2.0,First death from community transmission[103] *Government press releases from both 2020-3-20 and 2020-3-21 state that 'total number of individuals tested for COVID-19 till date' is 433 and 'number tested in last 24 hours' is 36. These are likely errors.,11/9,0.1111111111111111,0.08333333333333333,1.3346145633141149e-05,2.444484733174306e-05,39.333333333333336,3.3333333333333335,0.3333333333333333,18.285714285714285,2.0,0.2857142857142857,0.42857142857142855
12,12,2020-03-22,564.0,27.0,2.0,5.0,27.0,3.0,0.0,0.0,New cases include a doctor who treated the patient who died on 20 March.[104],12/10,0.1111111111111111,0.07407407407407407,1.0009609224855861e-05,1.8333635498807293e-05,33.0,3.3333333333333335,0.3333333333333333,22.142857142857142,2.4285714285714284,0.2857142857142857,0.42857142857142855
13,13,2020-03-23,620.0,33.0,3.0,5.0,56.0,6.0,1.0,0.0,"New cases characteristics: 3 males, 3 females; 23 healthcare workers, and two returnees from India and Bahrain. New death caused by community transmission.",13/11,0.10714285714285714,0.09090909090909091,2.0019218449711722e-05,3.802531807160032e-05,39.666666666666664,4.333333333333333,0.6666666666666666,30.142857142857142,3.2857142857142856,0.42857142857142855,0.42857142857142855
14,14,2020-03-24,712.0,39.0,4.0,5.0,92.0,6.0,1.0,0.0,New positives include returnee from Saudi Arabia and 4 locals with epidemiological link. The death of the female was related to community transmission,14/12,0.06521739130434782,0.10256410256410256,2.0019218449711722e-05,6.247016540334338e-05,58.333333333333336,5.0,0.6666666666666666,43.285714285714285,4.142857142857143,0.5714285714285714,0.42857142857142855
15,15,2020-03-25,794.0,39.0,5.0,5.0,82.0,0.0,1.0,6.0,0,15/13,0.0,0.1282051282051282,0.0,5.567993003341475e-05,76.66666666666667,4.0,1.0,53.57142857142857,3.5714285714285716,0.5714285714285714,1.1428571428571428
16,16,2020-03-26,920.0,44.0,5.0,11.0,126.0,5.0,0.0,0.0,0,16/14,0.03968253968253968,0.11363636363636363,1.6682682041426436e-05,8.555696566110072e-05,100.0,3.6666666666666665,0.6666666666666666,65.0,3.857142857142857,0.5714285714285714,1.1428571428571428
17,17,2020-03-27,1026.0,48.0,5.0,11.0,106.0,4.0,0.0,0.0,0,17/15,0.03773584905660377,0.10416666666666667,1.3346145633141149e-05,7.197649492124345e-05,104.66666666666667,3.0,0.3333333333333333,75.0,4.0,0.5714285714285714,1.1428571428571428
18,18,2020-03-28,1076.0,48.0,5.0,15.0,47.0,0.0,0.0,4.0,0,18/16,0.0,0.10416666666666667,0.0,3.191410623866455e-05,93.0,3.0,0.0,76.57142857142857,3.4285714285714284,0.42857142857142855,1.4285714285714286
19,19,2020-03-29,1185.0,48.0,5.0,15.0,109.0,0.0,0.0,4.0,0,19/17,0.0,0.10416666666666667,0.0,7.401356553222204e-05,87.33333333333333,1.3333333333333333,0.0,88.28571428571429,3.0,0.42857142857142855,2.0
20,20,2020-03-30,1338.0,49.0,5.0,19.0,153.0,1.0,0.0,4.0,0,20/18,0.006535947712418301,0.10204081632653061,3.336536408285287e-06,0.00010389060115990801,103.0,0.3333333333333333,0.0,102.14285714285714,2.2857142857142856,0.2857142857142857,2.5714285714285716
21,21,2020-03-31,1602.0,51.0,5.0,25.0,140.0,2.0,0.0,6.0,0,21/19,0.014285714285714285,0.09803921568627451,6.673072816570574e-06,9.506329517900078e-05,134.0,1.0,0.0,109.0,1.7142857142857142,0.14285714285714285,3.4285714285714284
22,22,2020-04-01,1759.0,54.0,6.0,26.0,157.0,1.0,1.0,1.0,0,22/20,0.006369426751592357,0.1111111111111111,3.336536408285287e-06,0.00010660669530787946,150.0,1.3333333333333333,0.3333333333333333,119.71428571428571,1.8571428571428572,0.14285714285714285,2.7142857142857144
23,23,2020-04-02,1906.0,56.0,6.0,26.0,141.0,2.0,0.0,0.0,0,23/21,0.014184397163120567,0.10714285714285714,6.673072816570574e-06,9.574231871599365e-05,146.0,1.6666666666666667,0.3333333333333333,121.85714285714286,1.4285714285714286,0.14285714285714285,2.7142857142857144
24,24,2020-04-03,2113.0,61.0,6.0,26.0,203.0,5.0,0.0,0.0,0,24/22,0.024630541871921183,0.09836065573770492,1.6682682041426436e-05,0.00013784177800955114,167.0,2.6666666666666665,0.3333333333333333,135.71428571428572,1.5714285714285714,0.14285714285714285,2.7142857142857144
25,25,2020-04-04,2547.0,70.0,8.0,30.0,434.0,9.0,2.0,4.0,0,25/23,0.020737327188940093,0.11428571428571428,3.0028827674567586e-05,0.00029469621505490243,259.3333333333333,5.333333333333333,0.6666666666666666,191.0,2.857142857142857,0.42857142857142855,2.7142857142857144
26,26,2020-04-05,2914.0,88.0,9.0,33.0,367.0,18.0,1.0,3.0,0,26/24,0.04904632152588556,0.10227272727272728,6.005765534913517e-05,0.00024920163807638063,334.6666666666667,10.666666666666666,1.0,227.85714285714286,5.428571428571429,0.5714285714285714,2.5714285714285716
27,27,2020-04-06,3610.0,164.0,17.0,33.0,468.0,41.0,5.0,0.0,0,27/25,0.0876068376068376,0.10365853658536585,0.0001367979927396968,0.0003177830153126598,423.0,22.666666666666668,2.6666666666666665,272.85714285714283,11.142857142857142,1.2857142857142858,2.0
28,28,2020-04-07,4289.0,164.0,17.0,33.0,792.0,41.0,5.0,0.0,0,28/26,0.05176767676767677,0.10365853658536585,0.0001367979927396968,0.0005377866412983473,542.3333333333334,33.333333333333336,3.6666666666666665,366.0,16.714285714285715,2.0,1.1428571428571428
29,29,2020-04-08,5194.0,218.0,20.0,33.0,981.0,54.0,3.0,0.0,0,29/27,0.05504587155963303,0.09174311926605505,0.00018017296604740552,0.0006661220897899984,747.0,45.333333333333336,4.333333333333333,483.7142857142857,24.285714285714285,2.2857142857142856,1.0
30,30,2020-04-09,6175.0,330.0,21.0,33.0,905.0,112.0,1.0,0.0,0,30/28,0.12375690607734807,0.06363636363636363,0.0003736920777279522,0.0006145163009785408,892.6666666666666,69.0,3.0,592.8571428571429,40.0,2.4285714285714284,1.0
31,31,2020-04-10,7359.0,424.0,27.0,33.0,1184.0,94.0,6.0,0.0,0,31/29,0.07939189189189189,0.06367924528301887,0.000313634422378817,0.0008039638677995495,1023.3333333333334,86.66666666666667,3.3333333333333335,733.0,52.714285714285715,3.2857142857142856,1.0
32,32,2020-04-11,8313.0,482.0,30.0,36.0,954.0,58.0,3.0,3.0,0,32/30,0.06079664570230608,0.06224066390041494,0.00019351911168054666,0.0006477884542911911,1014.3333333333334,88.0,3.3333333333333335,807.2857142857143,59.714285714285715,3.4285714285714284,0.8571428571428571
33,33,2020-04-12,9653.0,621.0,34.0,39.0,1340.0,139.0,4.0,3.0,0,33/31,0.10373134328358209,0.05475040257648953,0.00046377856075165494,0.0009098915395704361,1159.3333333333333,97.0,4.333333333333333,946.2857142857143,77.0,3.857142857142857,0.8571428571428571
34,34,2020-04-13,11223.0,803.0,39.0,42.0,1570.0,182.0,5.0,3.0,0,34/32,0.1159235668789809,0.048567870485678705,0.0006072496263079222,0.0010660669530787946,1288.0,126.33333333333333,4.0,1103.7142857142858,97.14285714285714,3.857142857142857,1.2857142857142858
35,35,2020-04-14,13128.0,1012.0,46.0,42.0,1905.0,209.0,7.0,0.0,0,35/33,0.10971128608923884,0.045454545454545456,0.000697336109331625,0.0012935398379714037,1605.0,176.66666666666666,5.333333333333333,1262.7142857142858,121.14285714285714,4.142857142857143,1.2857142857142858
36,36,2020-04-15,14868.0,1231.0,50.0,49.0,1740.0,219.0,4.0,7.0,0,36/34,0.12586206896551724,0.04061738424045491,0.0007307014734144779,0.0011815009543675813,1738.3333333333333,203.33333333333334,5.333333333333333,1371.142857142857,144.71428571428572,4.285714285714286,2.2857142857142856
37,37,2020-04-16,17003.0,1572.0,60.0,49.0,2135.0,341.0,10.0,0.0,0,37/35,0.15971896955503512,0.03816793893129771,0.001137758915225283,0.001449715251479762,1926.6666666666667,256.3333333333333,7.0,1546.857142857143,177.42857142857142,5.571428571428571,2.2857142857142856
38,38,2020-04-17,19193.0,1838.0,75.0,58.0,2190.0,266.0,15.0,9.0,0,38/36,0.12146118721461187,0.040805223068552776,0.0008875186846038864,0.0014870615460143696,2021.6666666666667,275.3333333333333,9.666666666666666,1690.5714285714287,202.0,6.857142857142857,3.5714285714285716
39,39,2020-04-18,21307.0,2144.0,84.0,66.0,2114.0,306.0,9.0,8.0,0,39/37,0.14474929044465468,0.03917910447761194,0.0010209801409352978,0.001435455757202912,2146.3333333333335,304.3333333333333,11.333333333333334,1856.2857142857142,237.42857142857142,7.714285714285714,4.285714285714286
40,40,2020-04-19,23941.0,2456.0,91.0,75.0,2634.0,312.0,7.0,9.0,0,40/38,0.11845102505694761,0.03705211726384365,0.0010409993593850095,0.0017885479964392006,2312.6666666666665,294.6666666666667,10.333333333333334,2041.142857142857,262.14285714285717,8.142857142857142,5.142857142857143
41,41,2020-04-20,26604.0,2948.0,101.0,85.0,2779.0,492.0,10.0,10.0,0,41/39,0.17704210147535085,0.03426051560379918,0.0016415759128763612,0.0018870064093031657,2509.0,370.0,8.666666666666666,2213.8571428571427,306.42857142857144,8.857142857142858,6.142857142857143
42,42,2020-04-21,29578.0,3382.0,110.0,87.0,2974.0,434.0,9.0,2.0,0,42/40,0.14593140551445863,0.03252513305736251,0.0014480568011958146,0.002019415999016774,2795.6666666666665,412.6666666666667,8.666666666666666,2366.5714285714284,338.57142857142856,9.142857142857142,6.428571428571429
43,43,2020-04-22,32630.0,3772.0,120.0,92.0,3043.0,390.0,10.0,5.0,0,43/41,0.12816299704239237,0.031813361611876985,0.0013012491992312621,0.0020662686230692815,2932.0,438.6666666666667,9.666666666666666,2552.714285714286,363.0,10.0,6.142857142857143
44,44,2020-04-23,36090.0,4186.0,127.0,108.0,3460.0,414.0,7.0,16.0,0,44/42,0.11965317919075144,0.030339225991399904,0.0013813260730301089,0.0023494214379953054,3159.0,412.6666666666667,8.666666666666666,2742.0,373.42857142857144,9.571428571428571,8.428571428571429
45,45,2020-04-24,39476.0,4689.0,131.0,112.0,3386.0,503.0,4.0,4.0,0,45/43,0.14855286473715298,0.027937726594156536,0.0016782778133674994,0.0022991736962578333,3296.3333333333335,435.6666666666667,7.0,2912.8571428571427,407.2857142857143,8.0,7.714285714285714
46,46,2020-04-25,43113.0,4998.0,140.0,113.0,3637.0,309.0,9.0,1.0,0,46/44,0.08496013197690404,0.028011204481792718,0.0010309897501601538,0.002469608604043042,3494.3333333333335,408.6666666666667,6.666666666666667,3130.4285714285716,407.7142857142857,8.0,6.714285714285714
47,47,2020-04-26,46589.0,5416.0,145.0,122.0,3476.0,418.0,5.0,9.0,0,47/45,0.12025316455696203,0.026772525849335302,0.00139467221866325,0.002360285814587191,3499.6666666666665,410.0,6.0,3250.714285714286,422.85714285714283,7.714285714285714,6.714285714285714
48,48,2020-04-27,50401.0,5913.0,152.0,131.0,3812.0,497.0,7.0,9.0,0,48/46,0.13037775445960126,0.025706071368171823,0.0016582585949177877,0.002588437723016793,3641.6666666666665,408.0,7.0,3398.285714285714,423.57142857142856,7.285714285714286,6.571428571428571
49,49,2020-04-28,54733.0,6462.0,155.0,139.0,4332.0,549.0,3.0,8.0,0,49/47,0.12673130193905818,0.023986381925100587,0.0018317584881486226,0.0029415299622530815,3873.3333333333335,488.0,5.0,3592.285714285714,440.0,6.428571428571429,7.428571428571429
50,50,2020-04-29,59701.0,7103.0,163.0,150.0,4968.0,641.0,8.0,11.0,0,50/48,0.1290257648953301,0.022948050119667746,0.0021387198377108693,0.003373388931780542,4370.666666666667,562.3333333333334,6.0,3867.285714285714,475.85714285714283,6.142857142857143,8.285714285714286
51,51,2020-04-30,64666.0,7667.0,168.0,160.0,4965.0,564.0,5.0,10.0,0,51/49,0.113595166163142,0.021912090778661797,0.001881806534272902,0.003371351861169564,4755.0,584.6666666666666,5.333333333333333,4082.285714285714,497.2857142857143,5.857142857142857,7.428571428571429
52,52,2020-05-01,70239.0,8238.0,170.0,174.0,5573.0,571.0,2.0,14.0,0,52/50,0.10245828099766732,0.020636076717649915,0.001905162289130899,0.003784198171661224,5168.666666666667,592.0,5.0,4394.714285714285,507.0,5.571428571428571,8.857142857142858
53,53,2020-05-02,76066.0,8790.0,175.0,177.0,5827.0,552.0,5.0,3.0,0,53/51,0.09473142268748927,0.019908987485779295,0.0018417680973734786,0.003956670150057412,5455.0,562.3333333333334,4.0,4707.571428571428,541.7142857142857,5.0,9.142857142857142
54,54,2020-05-03,81434.0,9455.0,177.0,1063.0,5368.0,665.0,2.0,886.0,"The total number of recoveries surged and crossed 1,000 marks, according to new guidelines.",54/52,0.12388226527570789,0.01872025383395029,0.002218796711509716,0.0036449983465776875,5589.333333333333,596.0,3.0,4977.857142857143,577.0,4.571428571428571,134.42857142857142
55,55,2020-05-04,87694.0,10143.0,182.0,1209.0,6260.0,688.0,5.0,146.0,0,55/53,0.10990415335463259,0.017943409247757072,0.0022955370489002778,0.004250687341575321,5818.333333333333,635.0,4.0,5327.571428571428,604.2857142857143,4.285714285714286,154.0
56,56,2020-05-05,93405.0,10929.0,183.0,1403.0,5711.0,786.0,1.0,194.0,0,56/54,0.13762913675363334,0.01674444139445512,0.0026225176169122357,0.0038779034197662394,5779.666666666667,713.0,2.6666666666666665,5524.571428571428,638.1428571428571,4.0,180.57142857142858
57,57,2020-05-06,99646.0,11719.0,186.0,1403.0,6241.0,790.0,3.0,0.0,0,57/55,0.12658227848101267,0.015871661404556703,0.002635863762545377,0.004237785894372456,6070.666666666667,754.6666666666666,3.0,5706.428571428572,659.4285714285714,3.2857142857142856,179.0
58,58,2020-05-07,105513.0,12425.0,199.0,1910.0,5867.0,706.0,13.0,507.0,0,58/56,0.12033407192773138,0.016016096579476863,0.0023555947042494126,0.003983831091537126,5939.666666666667,760.6666666666666,5.666666666666667,5835.285714285715,679.7142857142857,4.428571428571429,250.0
59,59,2020-05-08,111454.0,13134.0,206.0,2101.0,5941.0,709.0,7.0,191.0,0,59/57,0.11934017842114122,0.01568448302116644,0.0023656043134742686,0.004034078833274598,6016.333333333333,735.0,7.666666666666667,5887.857142857143,699.4285714285714,5.142857142857143,275.2857142857143
60,60,2020-05-09,116919.0,13770.0,214.0,2414.0,5518.0,636.0,8.0,313.0,0,60/58,0.11525915186661834,0.015541031227305737,0.002122037155669443,0.003746851877126617,5775.333333333333,683.6666666666666,9.333333333333334,5843.714285714285,711.4285714285714,5.571428571428571,319.57142857142856
61,61,2020-05-10,122657.0,14657.0,228.0,2650.0,5738.0,887.0,14.0,236.0,0,61/59,0.15458347856395957,0.015555707170635192,0.0029595077941490496,0.0038962370552650468,5732.333333333333,744.0,9.666666666666666,5896.571428571428,743.1428571428571,7.285714285714286,226.71428571428572
62,62,2020-05-11,129865.0,15691.0,239.0,2902.0,7208.0,1034.0,11.0,252.0,0,62/60,0.1434517203107658,0.015231661461984578,0.003449978646166987,0.004894401654644555,6154.666666666667,852.3333333333334,11.0,6032.0,792.5714285714286,8.142857142857142,241.85714285714286
63,63,2020-05-12,136638.0,16660.0,250.0,3147.0,6773.0,969.0,11.0,245.0,0,63/61,0.1430680643732467,0.015006002400960384,0.003233103779628443,0.004599026416052659,6573.0,963.3333333333334,12.0,6183.714285714285,818.7142857142857,9.571428571428571,249.14285714285714
64,64,2020-05-13,144538.0,17822.0,269.0,3361.0,7900.0,1162.0,19.0,214.0,0,64/62,0.14708860759493672,0.01509370441027943,0.003877055306427504,0.005364285942243616,7293.666666666667,1055.0,13.666666666666666,6420.714285714285,871.8571428571429,11.857142857142858,279.7142857142857
65,65,2020-05-14,151930.0,18863.0,283.0,3603.0,7392.0,1041.0,14.0,242.0,0,65/63,0.14082792207792208,0.015002915761013624,0.003473334401024984,0.0050193419854512415,7355.0,1057.3333333333333,14.666666666666666,6638.571428571428,919.7142857142857,12.0,241.85714285714286
66,66,2020-05-15,160512.0,20065.0,298.0,3882.0,8582.0,1202.0,15.0,279.0,0,66/64,0.14006059193661152,0.014851731871417893,0.0040105167627589155,0.005827379994472749,7958.0,1135.0,16.0,7015.857142857143,990.1428571428571,13.142857142857142,254.42857142857142
67,67,2020-05-16,167114.0,20995.0,314.0,4117.0,6602.0,930.0,16.0,235.0,0,67/65,0.14086640411996365,0.014955941890926411,0.003102978859705317,0.00448291339122688,7525.333333333333,1057.6666666666667,15.0,7170.714285714285,1032.142857142857,14.285714285714286,243.28571428571428
68,68,2020-05-17,175228.0,22268.0,328.0,4373.0,8114.0,1273.0,14.0,256.0,0,68/66,0.156889327088982,0.014729656906772049,0.00424741084774717,0.005509596979160088,7766.0,1135.0,15.0,7510.142857142857,1087.2857142857142,14.285714285714286,246.14285714285714
69,69,2020-05-18,185086.0,23870.0,349.0,4585.0,9858.0,1602.0,21.0,212.0,0,69/67,0.16250760803408398,0.014620863007959782,0.00534513132607303,0.0066938140276756415,8191.333333333333,1268.3333333333333,17.0,7888.714285714285,1168.4285714285713,15.714285714285714,240.42857142857142
70,70,2020-05-19,193645.0,25121.0,370.0,4993.0,8559.0,1251.0,21.0,408.0,0,70/68,0.14616193480546794,0.014728713028939931,0.0041740070467648945,0.005811762453121912,8843.666666666666,1375.3333333333333,18.666666666666668,8143.857142857143,1208.7142857142858,17.142857142857142,263.7142857142857
71,71,2020-05-20,203852.0,26738.0,386.0,5207.0,10207.0,1617.0,16.0,214.0,0,71/69,0.1584206916821789,0.014436382676340788,0.005395179372197309,0.006930793242086151,9541.333333333334,1490.0,19.333333333333332,8473.42857142857,1273.7142857142858,16.714285714285715,263.7142857142857
72,72,2020-05-21,214114.0,28511.0,408.0,5602.0,10262.0,1773.0,22.0,395.0,0,72/70,0.17277333853050086,0.01431026621304058,0.005915679051889815,0.006968139536620758,9676.0,1547.0,19.666666666666668,8883.42857142857,1378.2857142857142,17.857142857142858,285.57142857142856
73,73,2020-05-22,223841.0,30205.0,432.0,6190.0,9727.0,1694.0,24.0,588.0,0,73/71,0.17415441554436106,0.01430226783645092,0.005652092675635277,0.006604861944329576,10065.333333333334,1694.6666666666667,20.666666666666668,9047.0,1448.5714285714287,19.142857142857142,329.7142857142857
74,74,2020-05-23,234675.0,32078.0,452.0,6486.0,10834.0,1873.0,20.0,296.0,0,74/72,0.17288166882038028,0.014090654030799924,0.0062493326927183426,0.007356540999780676,10274.333333333334,1780.0,22.0,9651.57142857143,1583.2857142857142,19.714285714285715,338.42857142857144
75,75,2020-05-24,243583.0,33610.0,480.0,6901.0,8908.0,1532.0,28.0,415.0,0,75/73,0.17198024247867086,0.01428146385004463,0.00511157377749306,0.0060487416675324215,9823.0,1699.6666666666667,24.0,9765.0,1620.2857142857142,21.714285714285715,361.14285714285717
76,76,2020-05-25,253034.0,35585.0,501.0,7334.0,9451.0,1975.0,21.0,433.0,0,76/74,0.20897259549254046,0.014078965856400168,0.006589659406363442,0.006417451448119546,9731.0,1793.3333333333333,23.0,9706.857142857143,1673.5714285714287,21.714285714285715,392.7142857142857
77,77,2020-05-26,258550.0,36751.0,522.0,7579.0,5516.0,1166.0,21.0,245.0,0,77/75,0.21138506163886875,0.014203695137547278,0.003890401452060645,0.003745493830052631,7958.333333333333,1557.6666666666667,23.333333333333332,9272.142857142857,1661.4285714285713,21.714285714285715,369.42857142857144
78,78,2020-05-27,266456.0,38292.0,544.0,7925.0,7906.0,1541.0,22.0,346.0,0,78/76,0.19491525423728814,0.014206622793272746,0.005141602605167627,0.005368360083465573,7624.333333333333,1560.6666666666667,21.333333333333332,8943.42857142857,1650.5714285714287,22.571428571428573,388.2857142857143
79,79,2020-05-28,275776.0,40321.0,559.0,8425.0,9320.0,2029.0,15.0,500.0,0,79/77,0.21770386266094421,0.013863743458743583,0.006769832372410848,0.006328499364773481,7580.666666666667,1578.6666666666667,19.333333333333332,8808.857142857143,1687.142857142857,21.571428571428573,403.2857142857143
80,80,2020-05-29,287067.0,42844.0,582.0,9015.0,11291.0,2523.0,23.0,590.0,0,80/78,0.22345230714728545,0.01358416581084866,0.00841808135810378,0.007666854756186414,9505.666666666666,2031.0,20.0,9032.285714285714,1805.5714285714287,21.428571428571427,403.57142857142856
81,81,2020-05-30,297054.0,44608.0,610.0,9375.0,9987.0,1764.0,28.0,360.0,0,81/79,0.17662961850405526,0.01367467718794835,0.005885650224215246,0.0067814080639477204,10199.333333333334,2105.3333333333335,22.0,8911.285714285714,1790.0,22.571428571428573,412.7142857142857
82,82,2020-05-31,308930.0,47153.0,650.0,9781.0,11876.0,2545.0,40.0,406.0,0,82/80,0.2142977433479286,0.013784912942972875,0.008491485159086055,0.008064083525327238,11051.333333333334,2277.3333333333335,30.333333333333332,9335.285714285714,1934.7142857142858,24.285714285714285,411.42857142857144
83,83,2020-06-01,320969.0,49534.0,672.0,10597.0,12039.0,2381.0,22.0,816.0,0,83/81,0.19777390148683446,0.013566439213469537,0.007944293188127269,0.008174764361857075,11300.666666666666,2230.0,30.0,9705.0,1992.7142857142858,24.428571428571427,466.14285714285717
84,84,2020-06-02,333073.0,52445.0,709.0,11120.0,12104.0,2911.0,37.0,523.0,0,84/82,0.2404990085922009,0.013518924587663267,0.009712657484518472,0.008218900891761612,12006.333333333334,2612.3333333333335,33.0,10646.142857142857,2242.0,26.714285714285715,505.85714285714283
85,85,2020-06-03,345583.0,55140.0,746.0,11590.0,12510.0,2695.0,37.0,470.0,0,85/83,0.21542765787370105,0.013529198404062387,0.008991965620328848,0.008494584447780713,12217.666666666666,2662.3333333333335,32.0,11303.857142857143,2406.8571428571427,28.857142857142858,523.5714285714286
86,86,2020-06-04,358277.0,57563.0,781.0,12161.0,12694.0,2423.0,35.0,571.0,0,86/84,0.19087757995903576,0.013567743168354672,0.008084427717275251,0.0086195247785874,12436.0,2676.3333333333335,36.333333333333336,11785.857142857143,2463.1428571428573,31.714285714285715,533.7142857142857
87,87,2020-06-05,372365.0,60391.0,811.0,12804.0,14088.0,2828.0,30.0,643.0,0,87/85,0.20073821692220328,0.013429153350664835,0.009435724962630792,0.009566083589155451,13097.333333333334,2648.6666666666665,34.0,12185.42857142857,2506.714285714286,32.714285714285715,541.2857142857143
88,88,2020-06-06,384851.0,63026.0,846.0,13325.0,12486.0,2635.0,35.0,521.0,0,88/86,0.21103636072401089,0.01342303176466855,0.008791773435831731,0.008478287882892885,13089.333333333334,2628.6666666666665,33.333333333333336,12542.42857142857,2631.1428571428573,33.714285714285715,564.2857142857143
89,89,2020-06-07,397987.0,65769.0,888.0,13903.0,13136.0,2743.0,42.0,578.0,0,89/87,0.2088154689403167,0.013501801760707931,0.009152119367926544,0.008919653181938245,13236.666666666666,2735.3333333333335,35.666666666666664,12722.42857142857,2659.4285714285716,34.0,588.8571428571429
90,90,2020-06-08,410841.0,68504.0,930.0,14560.0,12854.0,2735.0,42.0,657.0,0,90/88,0.2127742337015715,0.013575849585425669,0.00912542707666026,0.008728168544506257,12825.333333333334,2704.3333333333335,39.666666666666664,12838.857142857143,2710.0,36.857142857142854,566.1428571428571
91,91,2020-06-09,425595.0,71675.0,975.0,15337.0,14754.0,3171.0,45.0,777.0,0,91/89,0.21492476616510778,0.013603069410533658,0.010580156950672645,0.010018313264792697,13581.333333333334,2883.0,43.0,13217.42857142857,2747.1428571428573,38.0,602.4285714285714
92,92,2020-06-10,441560.0,74865.0,1012.0,15900.0,15965.0,3190.0,37.0,563.0,0,92/90,0.19981208894456623,0.013517665130568356,0.010643551142430065,0.010840610768091055,14524.333333333334,3032.0,41.333333333333336,13711.0,2817.8571428571427,38.0,615.7142857142857
93,93,2020-06-11,457332.0,78052.0,1049.0,16747.0,15772.0,3187.0,37.0,847.0,0,93/91,0.20206695409586609,0.013439758109977964,0.01063354153320521,0.010709559225451432,15497.0,3182.6666666666665,39.666666666666664,14150.714285714286,2927.0,38.285714285714285,655.1428571428571
94,94,2020-06-12,473322.0,81523.0,1095.0,17249.0,15990.0,3471.0,46.0,502.0,0,94/92,0.21707317073170732,0.013431792254946456,0.011581117873158232,0.010857586356515877,15909.0,3282.6666666666665,40.0,14422.42857142857,3018.8571428571427,40.57142857142857,635.0
95,95,2020-06-13,489960.0,84379.0,1139.0,17827.0,16638.0,2856.0,44.0,578.0,The total number of coronavirus cases in Bangladesh exceeded the total number of coronavirus cases in China.,95/93,0.1716552470248828,0.013498619324713496,0.00952914798206278,0.011297593608487252,16133.333333333334,3171.3333333333335,42.333333333333336,15015.57142857143,3050.4285714285716,41.857142857142854,643.1428571428571
96,96,2020-06-14,501465.0,87520.0,1171.0,18730.0,14505.0,3141.0,32.0,903.0,0,96/94,0.21654601861427095,0.013379798903107861,0.010480060858424086,0.009849236404081474,15711.0,3156.0,40.666666666666664,15211.142857142857,3107.285714285714,40.42857142857143,689.5714285714286
97,97,2020-06-15,516503.0,90619.0,1209.0,34027.0,15038.0,3099.0,38.0,15297.0,"Bangladesh saw a sharp surge in the total number of recoveries two days after overtaking China in terms of coronavirus infections. Dr. Nasima Sultana said that over 15,000 patients recovered from COVID-19. The patients who recovered from COVID-19 included both symptomatic and asymptomatic patients. The recoveries occurred not only in hospital, but also at home.",97/95,0.2060779358957308,0.013341572959313168,0.010339926329276106,0.01021115594929867,15393.666666666666,3032.0,38.0,15523.142857142857,3159.285714285714,39.857142857142854,2781.0
98,98,2020-06-16,533717.0,94481.0,1262.0,36264.0,17214.0,3862.0,53.0,2237.0,0,98/96,0.22435227140699432,0.013357182925667595,0.01288570360879778,0.01168871116579514,15585.666666666666,3367.3333333333335,41.0,15874.57142857143,3258.0,41.0,2989.5714285714284
99,99,2020-06-17,551244.0,98489.0,1305.0,38189.0,17527.0,4008.0,43.0,1925.0,0,99/97,0.22867575740286417,0.013250210683426576,0.013372837924407431,0.011901245532873906,16593.0,3656.3333333333335,44.666666666666664,16097.714285714286,3374.8571428571427,41.857142857142854,3184.1428571428573
100,100,2020-06-18,567503.0,102292.0,1343.0,40164.0,16259.0,3803.0,38.0,1975.0,0,100/98,0.23390122393751153,0.01312908145309506,0.012688847960708948,0.011040243687966956,17000.0,3891.0,44.666666666666664,16167.285714285714,3462.8571428571427,42.0,3345.285714285714
101,101,2020-06-19,582548.0,105535.0,1388.0,42945.0,15045.0,3243.0,45.0,2781.0,0,101/99,0.21555333998005982,0.013152034869948358,0.010820387572069186,0.010215909114057621,16277.0,3684.6666666666665,42.0,16032.285714285714,3430.285714285714,41.857142857142854,3670.8571428571427
102,102,2020-06-20,596579.0,108775.0,1425.0,43993.0,14031.0,3240.0,37.0,1048.0,0,102/100,0.23091725465041693,0.013100436681222707,0.01081037796284433,0.009527379247546857,15111.666666666666,3428.6666666666665,40.0,15659.857142857143,3485.1428571428573,40.857142857142854,3738.0
103,103,2020-06-21,612164.0,112306.0,1464.0,45077.0,15585.0,3531.0,39.0,1084.0,0,103/101,0.22656400384985564,0.013035812868413085,0.011781310057655349,0.010582581824033767,14887.0,3338.0,40.333333333333336,15814.142857142857,3540.8571428571427,41.857142857142854,3763.8571428571427
104,104,2020-06-22,627719.0,115786.0,1502.0,46755.0,15555.0,3480.0,38.0,1678.0,0,104/102,0.22372227579556414,0.012972207348038623,0.011611146700832799,0.01056221111792398,15057.0,3417.0,38.0,15888.0,3595.285714285714,41.857142857142854,1818.2857142857142
105,105,2020-06-23,644011.0,119198.0,1545.0,47635.0,16292.0,3412.0,43.0,880.0,0,105/103,0.20942794009329732,0.012961626872934109,0.0113842622250694,0.01106265146468772,15810.666666666666,3474.3333333333335,40.0,15756.285714285714,3531.0,40.42857142857143,1624.4285714285713
106,106,2020-06-24,660444.0,122660.0,1582.0,49666.0,16433.0,3462.0,37.0,2031.0,0,106/104,0.21067364449583156,0.012897440078265123,0.011551089045483664,0.011158393783403714,16093.333333333334,3451.3333333333335,39.333333333333336,15600.0,3453.0,39.57142857142857,1639.5714285714287
107,107,2020-06-25,678443.0,126606.0,1621.0,51495.0,17999.0,3946.0,39.0,1829.0,0,107/105,0.2192344019112173,0.012803500623983066,0.013165972667093743,0.012221744642334538,16908.0,3606.6666666666665,39.666666666666664,15848.57142857143,3473.4285714285716,39.714285714285715,1618.7142857142858
108,108,2020-06-26,696941.0,130474.0,1661.0,53133.0,18498.0,3868.0,40.0,1638.0,0,108/106,0.20910368688506867,0.01273050569462115,0.01290572282724749,0.012560577387293976,17643.333333333332,3758.6666666666665,38.666666666666664,16341.857142857143,3562.714285714286,39.0,1455.4285714285713
109,109,2020-06-27,712098.0,133978.0,1695.0,54318.0,15157.0,3504.0,34.0,1185.0,0,109/107,0.2311803127267929,0.012651330815507024,0.011691223574631647,0.010291959750200821,17218.0,3772.6666666666665,37.666666666666664,16502.714285714286,3600.4285714285716,38.57142857142857,1475.0
110,110,2020-06-28,730197.0,137787.0,1738.0,55727.0,18099.0,3809.0,43.0,1409.0,0,110/108,0.2104536162218907,0.012613671826805142,0.012708867179158659,0.012289646996033823,17251.333333333332,3727.0,39.0,16861.85714285714,3640.1428571428573,39.142857142857146,1521.4285714285713
111,111,2020-06-29,748034.0,141801.0,1783.0,57780.0,17837.0,4014.0,45.0,2053.0,0,111/109,0.22503784268655042,0.012573959280964168,0.013392857142857142,0.012111742829341694,17031.0,3775.6666666666665,40.666666666666664,17187.85714285714,3716.4285714285716,40.142857142857146,1575.0
112,112,2020-06-30,766460.0,145483.0,1847.0,59624.0,18426.0,3682.0,64.0,1844.0,0,112/110,0.19982633235645283,0.012695641415148161,0.012285127055306428,0.01251168769263049,18120.666666666668,3835.0,50.666666666666664,17492.714285714286,3755.0,43.142857142857146,1712.7142857142858
113,113,2020-07-01,784335.0,149258.0,1888.0,62108.0,17875.0,3775.0,41.0,2484.0,0,113/111,0.2111888111888112,0.012649238231786571,0.01259542494127696,0.012137545723747423,18046.0,3823.6666666666665,50.0,17698.714285714286,3799.714285714286,43.714285714285715,1777.4285714285713
114,114,2020-07-02,802697.0,153277.0,1926.0,66442.0,18362.0,4019.0,38.0,4334.0,0,114/112,0.21887593944014813,0.012565486015514396,0.01340953982489857,0.012468230186262946,18221.0,3825.3333333333335,47.666666666666664,17750.571428571428,3810.1428571428573,43.57142857142857,2135.285714285714
115,115,2020-07-03,817347.0,156391.0,1968.0,68048.0,14650.0,3114.0,42.0,1606.0,0,115/113,0.21255972696245734,0.012583844338868605,0.010389974375400384,0.00994769481694544,16962.333333333332,3636.0,40.333333333333336,17200.85714285714,3702.4285714285716,43.857142857142854,2130.714285714286
116,116,2020-07-04,832074.0,159679.0,1997.0,70721.0,14727.0,3288.0,29.0,2673.0,0,116/114,0.22326339376655124,0.012506340846322935,0.010970531710442025,0.00999997962929389,15913.0,3473.6666666666665,36.333333333333336,17139.428571428572,3671.5714285714284,43.142857142857146,2343.285714285714
117,117,2020-07-05,846062.0,162417.0,2052.0,72625.0,13988.0,2738.0,55.0,1904.0,0,117/115,0.19573920503288533,0.012634145440440349,0.009135436685885116,0.009498181235456165,14455.0,3046.6666666666665,42.0,16552.14285714286,3518.5714285714284,44.857142857142854,2414.0
118,118,2020-07-06,860307.0,165618.0,2096.0,76149.0,14245.0,3201.0,44.0,3524.0,0,118/116,0.2247104247104247,0.01265562921904624,0.010680253042921204,0.00967269028446333,14320.0,3075.6666666666665,42.666666666666664,16039.0,3402.4285714285716,44.714285714285715,2624.1428571428573
119,119,2020-07-07,873480.0,168645.0,2151.0,78102.0,13173.0,3027.0,55.0,1953.0,"The total number of coronavirus cases in Bangladesh exceeded the total number of coronavirus cases in France. In terms of the number of recoveries, Bangladesh also overtook France.",119/117,0.22978820314279208,0.01275460286400427,0.010099695707879565,0.008944777052806982,13802.0,2988.6666666666665,51.333333333333336,15288.57142857143,3308.8571428571427,43.42857142857143,2639.714285714286
120,120,2020-07-08,889152.0,172134.0,2197.0,80838.0,15672.0,3489.0,46.0,2736.0,Bangladesh overtook China in terms of the number of recoveries.,120/118,0.22262633996937212,0.012763312303205642,0.011641175528507366,0.010641656871752146,14363.333333333334,3239.0,48.333333333333336,14973.857142857143,3268.0,44.142857142857146,2675.714285714286
121,121,2020-07-09,904784.0,175494.0,2238.0,84544.0,15632.0,3360.0,41.0,3706.0,0,121/119,0.21494370522006143,0.012752572737529487,0.011210762331838564,0.010614495930272432,14825.666666666666,3292.0,47.333333333333336,14583.857142857143,3173.8571428571427,44.57142857142857,2586.0
122,122,2020-07-10,918272.0,178443.0,2275.0,86406.0,13488.0,2949.0,37.0,1862.0,0,122/120,0.2186387900355872,0.012749169202490432,0.009839445868033312,0.009158669466959733,14930.666666666666,3266.0,41.333333333333336,14417.857142857143,3150.285714285714,43.857142857142854,2622.5714285714284
123,123,2020-07-11,929465.0,181129.0,2305.0,88034.0,11193.0,2686.0,30.0,1628.0,0,123/121,0.23997141070311803,0.012725736905741213,0.008961936792654281,0.007600310449561113,13437.666666666666,2998.3333333333335,36.0,13913.0,3064.285714285714,44.0,2473.285714285714
124,124,2020-07-12,940524.0,183795.0,2352.0,93614.0,11059.0,2666.0,47.0,5580.0,The number of recoveries in Bangladesh exceeded the number of active cases.,124/122,0.24107062121349127,0.012796866073614625,0.008895206064488575,0.007509321295604069,11913.333333333334,2767.0,38.0,13494.57142857143,3054.0,42.857142857142854,2998.4285714285716
125,125,2020-07-13,952947.0,186894.0,2391.0,98317.0,12423.0,3099.0,39.0,4703.0,0,125/123,0.2494566529823714,0.012793348101062635,0.010339926329276106,0.008435509400062335,11558.333333333334,2817.0,38.666666666666664,13234.285714285714,3039.4285714285716,42.142857142857146,3166.8571428571427
126,126,2020-07-14,966400.0,190057.0,2424.0,103227.0,13453.0,3163.0,33.0,4910.0,0,126/124,0.23511484427265295,0.01275406851628722,0.010553464659406363,0.009134903643164983,12311.666666666666,2976.0,39.666666666666664,13274.285714285714,3058.8571428571427,39.0,3589.285714285714
127,127,2020-07-15,980402.0,193590.0,2457.0,105523.0,14002.0,3533.0,33.0,2296.0,0,127/125,0.25232109698614485,0.012691771269177128,0.01178798313047192,0.009507687564974065,13292.666666666666,3265.0,35.0,13035.714285714286,3065.1428571428573,37.142857142857146,3526.4285714285716
128,128,2020-07-16,993291.0,196323.0,2496.0,106963.0,12889.0,2733.0,39.0,1440.0,0,128/126,0.21204127550624563,0.012713742149417033,0.00911875400384369,0.008751934368301009,13448.0,3143.0,35.0,12643.857142857143,2975.5714285714284,36.857142857142854,3202.714285714286
129,129,2020-07-17,1009751.0,199357.0,2547.0,108725.0,13460.0,3034.0,51.0,1762.0,0,129/127,0.22540861812778604,0.012776075081386657,0.010123051462737561,0.009139656807923934,13450.333333333334,3100.0,41.0,12639.857142857143,2987.714285714286,38.857142857142854,3188.4285714285716
130,130,2020-07-18,1020674.0,202066.0,2581.0,110098.0,10923.0,2709.0,34.0,1373.0,0,130/128,0.24800878879428728,0.012773054348579177,0.009038677130044843,0.00741697409457304,12424.0,2825.3333333333335,41.333333333333336,12601.285714285714,2991.0,39.42857142857143,3152.0
131,131,2020-07-19,1031299.0,204525.0,2618.0,111642.0,10625.0,2549.0,37.0,1544.0,0,131/129,0.23990588235294116,0.012800391150226133,0.008504831304719197,0.007214625080549167,11669.333333333334,2764.0,40.666666666666664,12539.285714285714,2974.285714285714,38.0,2575.4285714285716
132,132,2020-07-20,1044661.0,207453.0,2668.0,113556.0,13362.0,2928.0,50.0,1914.0,0,132/130,0.2191288729232151,0.01286074436137342,0.009769378603459321,0.009073112501298632,11636.666666666666,2728.6666666666665,40.333333333333336,12673.42857142857,2949.8571428571427,39.57142857142857,2177.0
133,133,2020-07-21,1054559.0,210510.0,2709.0,115399.0,12898.0,3057.0,39.0,1843.0,0,133/131,0.23701349046363776,0.012868747327917913,0.010199791800128123,0.008758045580133943,12295.0,2844.6666666666665,42.0,12594.142857142857,2934.714285714286,40.42857142857143,1738.857142857143
134,134,2020-07-22,1066609.0,213254.0,2751.0,117202.0,12050.0,2744.0,42.0,1803.0,0,134/132,0.22771784232365144,0.012900109728305213,0.009155455904334827,0.008182233620763996,12770.0,2909.6666666666665,43.666666666666664,12315.285714285714,2822.0,41.714285714285715,1668.4285714285713
135,135,2020-07-23,1079007.0,216110.0,2801.0,119208.0,12398.0,2856.0,50.0,2006.0,0,135/133,0.2303597354412002,0.012960992087362917,0.00952914798206278,0.008418533811637513,12448.666666666666,2885.6666666666665,43.666666666666664,12245.142857142857,2839.5714285714284,43.285714285714285,1749.2857142857142
136,136,2020-07-24,1091034.0,218658.0,2836.0,120976.0,12027.0,2548.0,35.0,1768.0,0,136/134,0.21185665585765362,0.012970026251040438,0.008501494768310911,0.00816661607941316,12158.333333333334,2716.0,42.333333333333336,12040.42857142857,2770.1428571428573,41.0,1750.142857142857
137,137,2020-07-25,1101480.0,221178.0,2874.0,122090.0,10446.0,2520.0,38.0,1114.0,0,137/135,0.24124066628374496,0.012994059083633996,0.008408071748878924,0.0070930798674274445,11623.666666666666,2641.3333333333335,41.0,11972.285714285714,2743.1428571428573,41.57142857142857,1713.142857142857
138,138,2020-07-26,1111558.0,223453.0,2928.0,123882.0,10078.0,2275.0,54.0,1792.0,0,138/136,0.22573923397499504,0.013103426671380558,0.007590620328849028,0.006843199205814071,10850.333333333334,2447.6666666666665,42.333333333333336,11894.142857142857,2704.0,44.0,1748.5714285714287
139,139,2020-07-27,1124417.0,226225.0,2965.0,125683.0,12859.0,2772.0,37.0,1801.0,0,139/137,0.2155688622754491,0.013106420598961211,0.009248878923766817,0.008731563662191223,11127.666666666666,2522.3333333333335,43.0,11822.285714285714,2681.714285714286,42.142857142857146,1732.4285714285713
140,140,2020-07-28,1137131.0,229185.0,3000.0,127414.0,12714.0,2960.0,35.0,1731.0,0,140/138,0.23281422054428189,0.013089861901956934,0.00987614776852445,0.008633105249327257,11883.666666666666,2669.0,42.0,11796.0,2667.8571428571427,41.57142857142857,1716.4285714285713
141,141,2020-07-29,1151258.0,232194.0,3035.0,130292.0,14127.0,3009.0,35.0,2878.0,0,141/139,0.21299638989169675,0.013070966519376039,0.01003963805253043,0.009592565507098173,13233.333333333334,2913.6666666666665,35.666666666666664,12092.714285714286,2705.714285714286,40.57142857142857,1870.0
142,142,2020-07-30,1164195.0,234889.0,3083.0,132960.0,12937.0,2695.0,48.0,2668.0,0,142/140,0.2083172296513875,0.013125348568898501,0.008991965620328848,0.008784527498076665,13259.333333333334,2888.0,39.333333333333336,12169.714285714286,2682.714285714286,40.285714285714285,1964.5714285714287
143,143,2020-07-31,1176809.0,237661.0,3111.0,135136.0,12614.0,2772.0,28.0,2176.0,0,143/141,0.21975582685904552,0.013090073676370965,0.009248878923766817,0.008565202895627972,13226.0,2825.3333333333335,37.0,12253.57142857143,2714.714285714286,39.285714285714285,2022.857142857143
144,144,2020-08-01,1185611.0,239807.0,3132.0,136253.0,8802.0,2199.0,21.0,1117.0,0,144/142,0.2498295841854124,0.013060502821018569,0.007337043561819347,0.005976765172611178,11451.0,2555.3333333333335,32.333333333333336,12018.714285714286,2668.8571428571427,36.857142857142854,2023.2857142857142
145,145,2020-08-02,1189295.0,240746.0,3154.0,136839.0,3684.0,886.0,22.0,568.0,0,145/143,0.24049945711183496,0.013100944563980295,0.0029561712577407646,0.0025015227102817067,8366.666666666666,1952.3333333333333,23.666666666666668,11105.285714285714,2470.4285714285716,32.285714285714285,1848.4285714285713
146,146,2020-08-03,1193544.0,242102.0,3184.0,137905.0,4249.0,1356.0,30.0,1066.0,0,146/144,0.3191339138620852,0.013151481606926006,0.00452434336963485,0.002885171008682674,5578.333333333333,1480.3333333333333,24.333333333333332,9875.285714285714,2268.1428571428573,31.285714285714285,1743.4285714285713
147,147,2020-08-04,1201256.0,244020.0,3234.0,139860.0,7712.0,1918.0,50.0,1955.0,0,147/145,0.2487033195020747,0.01325301204819277,0.0063994768310911805,0.005236629517288958,5215.0,1386.6666666666667,34.0,9160.714285714286,2119.285714285714,33.42857142857143,1775.4285714285713
148,148,2020-08-05,1212416.0,246674.0,3267.0,141750.0,11160.0,2654.0,33.0,1890.0,0,148/146,0.23781362007168458,0.013244200848082895,0.008855167627589153,0.007577902672840349,7707.0,1976.0,37.666666666666664,8736.857142857143,2068.5714285714284,33.142857142857146,1634.2857142857142
149,149,2020-08-06,1225124.0,249651.0,3306.0,143824.0,12708.0,2977.0,39.0,2074.0,0,149/147,0.23426188227887945,0.013242486511169592,0.0099328688874653,0.0086290311081053,10526.666666666666,2516.3333333333335,40.666666666666664,8704.142857142857,2108.8571428571427,31.857142857142858,1549.4285714285713
150,150,2020-08-07,1237823.0,252502.0,3333.0,145584.0,12699.0,2851.0,27.0,1760.0,0,150/148,0.22450586660366958,0.013199895446372702,0.009512465300021354,0.008622919896272365,12189.0,2827.3333333333335,33.0,8716.285714285714,2120.1428571428573,31.714285714285715,1490.0
151,151,2020-08-08,1249560.0,255113.0,3365.0,146604.0,11737.0,2611.0,32.0,1020.0,0,151/149,0.22245889068756922,0.013190233347575388,0.008711696562032885,0.007969699253685231,12381.333333333334,2813.0,32.666666666666664,9135.57142857143,2179.0,33.285714285714285,1476.142857142857
152,152,2020-08-09,1260319.0,257600.0,3399.0,148370.0,10759.0,2487.0,34.0,1766.0,0,152/150,0.23115531183195465,0.013194875776397516,0.008297966047405509,0.007305614234506211,11731.666666666666,2649.6666666666665,31.0,10146.285714285714,2407.714285714286,35.0,1647.2857142857142
153,153,2020-08-10,1273168.0,260507.0,3438.0,150437.0,12849.0,2907.0,39.0,2076.0,0,153/151,0.22624328741536306,0.01319734210597028,0.00969931133888533,0.008724773426821293,11781.666666666666,2668.3333333333335,35.0,11374.857142857143,2629.285714285714,36.285714285714285,1791.5714285714287
154,154,2020-08-11,12987988.0,263503.0,3471.0,151972.0,14820.0,2996.0,33.0,1535.0,0,154/152,0.20215924426450743,0.013172525549993739,0.00999626307922272,0.010063128818234226,12809.333333333334,2796.6666666666665,35.333333333333336,12390.285714285714,2783.285714285714,33.857142857142854,1731.5714285714287
155,155,2020-08-12,1302739.0,266498.0,3513.0,153089.0,14751.0,2995.0,42.0,1117.0,0,155/153,0.2030370822317131,0.013182087670451561,0.009992926542814435,0.010016276194181719,14140.0,2966.0,38.0,12903.285714285714,2832.0,35.142857142857146,1621.142857142857
156,156,2020-08-13,1315901.0,269115.0,3557.0,154871.0,13162.0,2617.0,44.0,1782.0,0,156/154,0.1988299650509041,0.01321739776675399,0.008731715780482596,0.00893730779390006,14244.333333333334,2869.3333333333335,39.666666666666664,12968.142857142857,2780.5714285714284,35.857142857142854,1579.4285714285713
157,157,2020-08-14,1328754.0,271881.0,3591.0,156623.0,12856.0,2766.0,34.0,1752.0,0,157/155,0.21515245799626634,0.01320798437551723,0.009228859705317104,0.008729526591580244,13589.666666666666,2792.6666666666665,40.0,12990.57142857143,2768.4285714285716,36.857142857142854,1578.2857142857142
158,158,2020-08-15,1341645.0,274525.0,3625.0,157635.0,12891.0,2644.0,34.0,1012.0,0,158/156,0.20510433635869987,0.013204626172479738,0.0088218022635063,0.008753292415374994,12969.666666666666,2675.6666666666665,37.333333333333336,13155.42857142857,2773.1428571428573,37.142857142857146,1577.142857142857
159,159,2020-08-16,1351663.0,276549.0,3657.0,158950.0,10018.0,2024.0,32.0,1315.0,0,159/157,0.2020363345977241,0.01322369634314353,0.006753149690369421,0.0068024577935945,11921.666666666666,2478.0,33.333333333333336,13049.57142857143,2707.0,36.857142857142854,1512.7142857142858
160,160,2020-08-17,1364186.0,279144.0,3694.0,158950.0,12523.0,2595.0,37.0,1641.0,0,160/158,0.20721871755969018,0.013233313272002981,0.00865831197950032,0.008503411753761621,11810.666666666666,2421.0,34.333333333333336,13003.0,2662.4285714285716,36.57142857142857,1450.5714285714287
161,161,2020-08-18,1378820.0,282344.0,3740.0,162825.0,14634.0,3200.0,46.0,3234.0,0,161/159,0.21866885335520023,0.01324625279800527,0.010676916506512918,0.009936830440353555,12391.666666666666,2606.3333333333335,38.333333333333336,12976.42857142857,2691.5714285714284,38.42857142857143,1693.2857142857142
162,162,2020-08-19,1393498.0,285091.0,3781.0,165738.0,14678.0,2747.0,41.0,2913.0,0,162/160,0.1871508379888268,0.01326243199539796,0.009165465513559684,0.00996670747598124,13945.0,2847.3333333333335,41.333333333333336,12966.0,2656.1428571428573,38.285714285714285,1949.857142857143
163,163,2020-08-20,1407557.0,287959.0,3822.0,168991.0,14059.0,2868.0,41.0,3253.0,0,163/161,0.20399743936268583,0.013272722852906142,0.009569186418962204,0.009546391906582657,14457.0,2938.3333333333335,42.666666666666664,13094.142857142857,2692.0,37.857142857142854,2160.0
164,164,2020-08-21,1420500.0,290360.0,3861.0,172615.0,12943.0,2401.0,39.0,3624.0,0,164/162,0.18550567874526772,0.013297286127565781,0.008011023916292975,0.008788601639298623,13893.333333333334,2672.0,40.333333333333336,13106.57142857143,2639.8571428571427,38.57142857142857,2427.4285714285716
165,165,2020-08-22,1431865.0,292625.0,3907.0,175567.0,11365.0,2265.0,46.0,2952.0,0,165/163,0.1992960844698636,0.013351559162750961,0.007557254964766175,0.007717102497923885,12789.0,2511.3333333333335,42.0,12888.57142857143,2585.714285714286,40.285714285714285,2704.5714285714284
166,166,2020-08-23,1442666.0,294598.0,3941.0,179091.0,10801.0,1973.0,34.0,3524.0,0,166/164,0.18266827145634665,0.013377551782428937,0.006582986333546871,0.007334133223059911,11703.0,2213.0,39.666666666666664,13000.42857142857,2578.4285714285716,40.57142857142857,3020.1428571428573
167,167,2020-08-24,1456048.0,297083.0,3941.0,182875.0,13382.0,2485.0,42.0,3784.0,0,167/165,0.1856972052010163,0.01326565303299078,0.00829129297458894,0.00908669297203849,11849.333333333334,2241.0,40.666666666666664,13123.142857142857,2562.714285714286,41.285714285714285,3326.285714285714
168,168,2020-08-25,1470201.0,299628.0,4028.0,186756.0,14153.0,2545.0,45.0,3881.0,0,168/166,0.17982053274924045,0.013443336403807387,0.008491485159086055,0.009610220119059987,12778.666666666666,2334.3333333333335,40.333333333333336,13054.42857142857,2469.1428571428573,41.142857142857146,3418.714285714286
